Team_name,Opponent_name,Distance
1.FC Köln,VfL Osnabruck,173
1860 Rosenheim,VfR Aalen,188
1899 Hoffenheim,1.FC Köln,229
1899 Hoffenheim,Energie Cottbus,477
1899 Hoffenheim,FC Augsburg,181
1899 Hoffenheim,FSV Frankfurt,96
1899 Hoffenheim,Holstein Kiel,570
1899 Hoffenheim,SC Freiburg,159
1899 Hoffenheim,SpVgg Greuther Furth,159
1899 Hoffenheim,VfL Wolfsburg,378
Alemannia Aachen,Bayer Leverkusen,71
Alemannia Aachen,Borussia Monchengladbach,52
Alemannia Waldalgesheim,Bayer Leverkusen,133
Altglienicke,1.FC Köln,489
Anker Wismar,Hannover 96,203
Arminia Bielefeld,Bayer Leverkusen,157
Arminia Bielefeld,Borussia Monchengladbach,175
Arminia Bielefeld,Eintracht Braunschweig,136
Arminia Bielefeld,FC Nurnberg,339
Arminia Bielefeld,FC Schalke 04,117
Arminia Bielefeld,Fortuna Dusseldorf,150
Arminia Bielefeld,Hamburger SV,489
Arminia Bielefeld,Hertha Berlin,323
Arminia Bielefeld,MSV Duisburg,147
Arminia Bielefeld,SC Paderborn 07,34
Arminia Bielefeld,SV Sandhausen,299
Arminia Bielefeld,VfL Wolfsburg,159
Arminia Bielefeld,Vfl Bochum,109
Arminia Bielefeld,Werder Bremen,118
Atlas Delmenhorst,FC St. Pauli,103
Atlas Delmenhorst,Werder Bremen,13
Aumund-Vegesack,1899 Hoffenheim,434
BAK '07,1899 Hoffenheim,512
BAK '07,TSV 1860 Munich,627
BFC Dynamo,1.FC Köln,489
BFC Dynamo,FC Kaiserslautern,528
BFC Dynamo,FC Schalke 04,453
BFC Dynamo,FSV Frankfurt,426
BFC Dynamo,VfB Stuttgart,513
BFC Preussen,1.FC Köln,477
BSC Hastedt,Borussia Monchengladbach,268
BSG Chemie Leipzig,Jahn Regensburg,261
BSG Chemie Leipzig,SC Paderborn 07,257
BW Lohne,FC Augsburg,454
Bahlinger SC,SV Sandhausen,150
Bahlinger SC,Vfl Bochum,378
Balingen,VfB Stuttgart,65
Barmbek-Uhlenhorst,SC Freiburg,639
Baunatal,Vfl Bochum,154
Bayer Leverkusen,Bayern Munich,456
Bayer Leverkusen,Eintracht Frankfurt,158
Bayer Leverkusen,FC Kaiserslautern,184
Bayer Leverkusen,Fortuna Dusseldorf,25
Bayer Leverkusen,SC Paderborn 07,144
Bayer Leverkusen,Union Berlin,481
Bayer Leverkusen,VfB Stuttgart,294
Bayer Leverkusen,Werder Bremen,261
Bayern Munich,1899 Hoffenheim,232
Bayern Munich,Eintracht Frankfurt,298
Bayern Munich,FC Heidenheim,117
Bayern Munich,FC Ingolstadt 04,66
Bayern Munich,FC Kaiserslautern,310
Bayern Munich,FC Schalke 04,494
Bayern Munich,Hannover 96,484
Bayern Munich,SC Freiburg,272
Bayern Munich,SV Darmstadt 98,282
Bayern Munich,VfL Wolfsburg,476
Bayern Munich,Werder Bremen,576
Bayreuth,Arminia Bielefeld,312
Bayreuth,Hamburger SV,196
Bersenbrück,Borussia Monchengladbach,185
Bonner SC,Hannover 96,257
Borussia Dortmund,1899 Hoffenheim,224
Borussia Dortmund,Bayern Munich,395
Borussia Dortmund,Borussia Monchengladbach,169
Borussia Dortmund,Dynamo Dresden,348
Borussia Dortmund,FC Ingolstadt 04,335
Borussia Dortmund,Hannover 96,136
Borussia Dortmund,SC Paderborn 07,50
Borussia Dortmund,Union Berlin,350
Borussia Dortmund,VfL Wolfsburg,186
Borussia Dortmund,Werder Bremen,199
Borussia Monchengladbach,Bayer Leverkusen,42
Borussia Monchengladbach,Bayern Munich,496
Borussia Monchengladbach,FC Schalke 04,60
Borussia Monchengladbach,VfB Stuttgart,330
Borussia Monchengladbach,VfL Wolfsburg,331
Borussia Monchengladbach,Werder Bremen,266
Bremer Sv,Bayern Munich,579
Bremer Sv,Eintracht Braunschweig,147
Bremer Sv,Eintracht Frankfurt,336
Bremer Sv,FC Schalke 04,207
Bremer Sv,SV Darmstadt 98,356
CFR Pforzheim,Bayer Leverkusen,267
Carl Zeiss Jena,1.FC Köln,329
Carl Zeiss Jena,Bayer Leverkusen,323
Carl Zeiss Jena,Bayern Munich,306
Carl Zeiss Jena,Erzgebirge AUE,86
Carl Zeiss Jena,Hamburger SV,305
Carl Zeiss Jena,Hertha Berlin,210
Carl Zeiss Jena,Union Berlin,218
Carl Zeiss Jena,VfB Stuttgart,291
Carl Zeiss Jena,VfL Wolfsburg,176
Carl Zeiss Jena,Werder Bremen,303
Chemnitzer FC,1899 Hoffenheim,389
Chemnitzer FC,Bayern Munich,370
Chemnitzer FC,Borussia Dortmund,309
Chemnitzer FC,Dynamo Dresden,50
Chemnitzer FC,FSV Mainz 05,385
Chemnitzer FC,Hamburger SV,357
Chemnitzer FC,Union Berlin,129
Chemnitzer FC,Werder Bremen,362
Dynamo Dresden,Arminia Bielefeld,380
Dynamo Dresden,Bayer Leverkusen,478
Dynamo Dresden,FC Schalke 04,474
Dynamo Dresden,FC St. Pauli,387
Dynamo Dresden,Hamburger SV,336
Dynamo Dresden,RB Leipzig,110
Dynamo Dresden,SC Paderborn 07,363
Dynamo Dresden,SV Darmstadt 98,385
Dynamo Dresden,VfB Stuttgart,410
Dynamo Dresden,Vfl Bochum,462
Düren Merzenich,Bayern Munich,469
Eichstätt,Hertha Berlin,428
Eimsbütteler TV,SpVgg Greuther Furth,459
Einheit Wernigerode,SC Paderborn 07,143
Eintracht Braunschweig,Bayern Munich,463
Eintracht Braunschweig,Borussia Dortmund,160
Eintracht Braunschweig,FC Schalke 04,251
Eintracht Braunschweig,Hamburger SV,466
Eintracht Braunschweig,Hertha Berlin,187
Eintracht Braunschweig,SC Freiburg,514
Eintracht Braunschweig,VfL Wolfsburg,25
Eintracht Celle,FC Augsburg,252
Eintracht Frankfurt,Arminia Bielefeld,217
Eintracht Frankfurt,Borussia Dortmund,136
Eintracht Frankfurt,Borussia Monchengladbach,198
Eintracht Frankfurt,FC Ingolstadt 04,248
Eintracht Frankfurt,FC Kaiserslautern,94
Eintracht Frankfurt,FSV Mainz 05,30
Eintracht Frankfurt,RB Leipzig,297
Eintracht Frankfurt,SV Darmstadt 98,21
Eintracht Frankfurt,SV Sandhausen,82
Eintracht Frankfurt,Union Berlin,434
Eintracht Frankfurt,Vfl Bochum,188
Eintracht Frankfurt,Werder Bremen,334
Eintracht Norderstedt,Bayer Leverkusen,359
Eintracht Norderstedt,Hannover 96,146
Eintracht Norderstedt,SpVgg Greuther Furth,470
Eintracht Norderstedt,VfL Wolfsburg,149
Eintracht Trier,1.FC Köln,128
Eintracht Trier,Borussia Dortmund,230
Eintracht Trier,FC St. Pauli,479
Eintracht Trier,Hamburger SV,429
Eintracht Trier,SC Freiburg,218
Energie Cottbus,Bayern Munich,446
Energie Cottbus,FSV Mainz 05,471
Energie Cottbus,Hamburger SV,428
Energie Cottbus,SC Freiburg,624
Energie Cottbus,SC Paderborn 07,388
Energie Cottbus,VfB Stuttgart,491
Energie Cottbus,Werder Bremen,402
Erzgebirge AUE,Eintracht Frankfurt,294
Erzgebirge AUE,FC Heidenheim,284
Erzgebirge AUE,FC Nurnberg,172
Erzgebirge AUE,SpVgg Greuther Furth,173
Erzgebirge Aue,FC Ingolstadt 04,225
Erzgebirge Aue,FSV Mainz 05,324
FC 08 Homburg,Borussia Monchengladbach,216
FC 08 Homburg,FC St. Pauli,505
FC 08 Homburg,SV Darmstadt 98,116
FC 08 Homburg,SpVgg Greuther Furth,266
FC 08 Homburg,VfB Stuttgart,149
FC 08 Villingen,FC Schalke 04,402
FC 08 Villingen,Fortuna Dusseldorf,371
FC Astoria Walldorf,Arminia Bielefeld,301
FC Astoria Walldorf,Hannover 96,349
FC Astoria Walldorf,SV Darmstadt 98,64
FC Astoria Walldorf,Union Berlin,492
FC Astoria Walldorf,Vfl Bochum,264
FC Augsburg,Bayern Munich,52
FC Augsburg,Borussia Dortmund,356
FC Augsburg,FSV Mainz 05,265
FC Gutersloh,Holstein Kiel,294
FC Heidenheim,Bayer Leverkusen,346
FC Heidenheim,Borussia Monchengladbach,385
FC Heidenheim,Eintracht Frankfurt,190
FC Heidenheim,Hertha Berlin,481
FC Heidenheim,TSV 1860 Munich,123
FC Heidenheim,Union Berlin,486
FC Heidenheim,Vfl Bochum,377
FC Heidenheim,Werder Bremen,498
FC Ingolstadt 04,Erzgebirge AUE,225
FC Ingolstadt 04,FC Nurnberg,78
FC Ingolstadt 04,Fortuna Dusseldorf,428
FC Ingolstadt 04,SV Darmstadt 98,236
FC Kaiserslautern,1.FC Köln,174
FC Kaiserslautern,1899 Hoffenheim,80
FC Kaiserslautern,Borussia Monchengladbach,215
FC Kaiserslautern,FC Nurnberg,244
FC Kaiserslautern,FSV Mainz 05,71
FC Kaiserslautern,Fortuna Dusseldorf,209
FC Kaiserslautern,Jahn Regensburg,317
FC Kaiserslautern,SC Freiburg,162
FC Kaiserslautern,SpVgg Greuther Furth,234
FC Kaiserslautern,VfB Stuttgart,128
FC Lok Stendal,Arminia Bielefeld,234
FC Magdeburg,Bayer Leverkusen,345
FC Magdeburg,Borussia Dortmund,214
FC Magdeburg,Eintracht Frankfurt,311
FC Magdeburg,Energie Cottbus,190
FC Magdeburg,FC Augsburg,422
FC Magdeburg,FC St. Pauli,194
FC Magdeburg,Fortuna Dusseldorf,348
FC Magdeburg,SC Freiburg,533
FC Magdeburg,SV Darmstadt 98,327
FC Nottingen,Bayern Munich,234
FC Nottingen,FC Schalke 04,312
FC Nottingen,Hannover 96,392
FC Nottingen,Vfl Bochum,302
FC Nurnberg,FC Schalke 04,373
FC Nurnberg,Fortuna Dusseldorf,373
FC Nurnberg,Hertha Berlin,373
FC Nurnberg,RB Leipzig,229
FC Nurnberg,SpVgg Greuther Furth,12
FC Nurnberg,VfB Stuttgart,156
FC Nurnberg,VfL Wolfsburg,334
FC Rielasingen-Arlen,Borussia Dortmund,395
FC Rielasingen-Arlen,Holstein Kiel,739
FC Saarbrucken,1.FC Köln,186
FC Saarbrucken,Bayer Leverkusen,199
FC Saarbrucken,Borussia Dortmund,264
FC Saarbrucken,Erzgebirge AUE,436
FC Saarbrucken,FC Schalke 04,259
FC Saarbrucken,Fortuna Dusseldorf,226
FC Saarbrucken,Jahn Regensburg,372
FC Saarbrucken,Karlsruher SC,106
FC Saarbrucken,SC Paderborn 07,303
FC Saarbrucken,Union Berlin,585
FC Saarbrucken,Werder Bremen,445
FC Saarbrücken,Bayern Munich,354
FC Saarbrücken,Borussia Monchengladbach,220
FC Saarbrücken,Eintracht Frankfurt,160
FC Saarbrücken,FC Kaiserslautern,61
FC Saarbrücken,Karlsruher SC,106
FC Schalke 04,1.FC Köln,73
FC Schalke 04,1899 Hoffenheim,284
FC Schalke 04,Eintracht Frankfurt,197
FC Schalke 04,FSV Mainz 05,192
FC Schalke 04,Fortuna Dusseldorf,40
FC Schalke 04,Hertha Berlin,437
FC Schalke 04,SV Sandhausen,272
FC Schalke 04,VfL Wolfsburg,275
FC Schalke 04,Werder Bremen,207
FC Schweinfurt 05,Eintracht Frankfurt,108
FC Schweinfurt 05,FC Schalke 04,279
FC Schweinfurt 05,SV Sandhausen,139
FC St. Pauli,Borussia Dortmund,264
FC St. Pauli,Borussia Monchengladbach,357
FC St. Pauli,Eintracht Frankfurt,390
FC St. Pauli,FC Schalke 04,297
FC St. Pauli,Fortuna Dusseldorf,337
FC St. Pauli,Hertha Berlin,248
FC Viktoria Koln,1899 Hoffenheim,223
FC Viktoria Koln,Bayer Leverkusen,14
FC Viktoria Koln,Bayern Munich,445
FC Viktoria Koln,Eintracht Frankfurt,148
FC Viktoria Koln,FC Nurnberg,335
FC Viktoria Koln,Hertha Berlin,465
FC Viktoria Koln,RB Leipzig,375
FC Viktoria Koln,Union Berlin,484
FC Viktoria Koln,Werder Bremen,271
FC Wurzburger Kickers,1899 Hoffenheim,98
FC Wurzburger Kickers,Eintracht Braunschweig,281
FC Wurzburger Kickers,Fortuna Dusseldorf,280
FC Wurzburger Kickers,Hannover 96,288
FC Wurzburger Kickers,SC Freiburg,250
FC Wurzburger Kickers,TSV 1860 Munich,223
FC Wurzburger Kickers,Werder Bremen,372
FSV Frankfurt,FC Ingolstadt 04,248
FSV Frankfurt,Hansa Rostock,497
FSV Frankfurt,Hertha Berlin,412
FSV Mainz 05,1.FC Köln,139
FSV Mainz 05,Arminia Bielefeld,226
FSV Mainz 05,Bayern Munich,314
FSV Mainz 05,Erzgebirge AUE,324
FSV Mainz 05,SC Freiburg,225
FSV Mainz 05,TSV 1860 Munich,322
FSV Mainz 05,VfB Stuttgart,151
FSV Mainz 05,Vfl Bochum,182
FSV Zwickau,Hamburger SV,283
FT Braunschweig,1.FC Köln,293
FV Engers 07,Arminia Bielefeld,191
FV Engers 07,Vfl Bochum,122
FV Ravensburg,FC Augsburg,116
Falkensee-Finkenkrug,VfB Stuttgart,499
Fortuna Dusseldorf,Borussia Dortmund,148
Fortuna Dusseldorf,Borussia Monchengladbach,22
Fortuna Dusseldorf,Erzgebirge AUE,425
Fortuna Dusseldorf,TSV 1860 Munich,495
Fortuna Koln,FSV Mainz 05,137
Germania Egestorf,1899 Hoffenheim,240
Germania Halberstadt,SC Freiburg,490
Germania Halberstadt,Union Berlin,183
Germania Windeck,1899 Hoffenheim,194
Greifswalder FC,FC Augsburg,660
Hallescher FC,Eintracht Braunschweig,135
Hallescher FC,Eintracht Frankfurt,272
Hallescher FC,FC Kaiserslautern,373
Hallescher FC,Hamburger SV,363
Hallescher FC,MSV Duisburg,363
Hallescher FC,SpVgg Greuther Furth,229
Hallescher FC,VfL Wolfsburg,134
Hamburger SV,1.FC Köln,476
Hamburger SV,Bayern Munich,35
Hamburger SV,Borussia Monchengladbach,519
Hamburger SV,FC Nurnberg,151
Hamburger SV,RB Leipzig,350
Hamburger SV,SC Freiburg,307
Hamburger SV,SpVgg Greuther Furth,162
Hannover 96,Borussia Monchengladbach,263
Hannover 96,Dynamo Dresden,314
Hannover 96,Eintracht Frankfurt,259
Hannover 96,FSV Mainz 05,284
Hannover 96,Fortuna Dusseldorf,241
Hannover 96,RB Leipzig,213
Hannover 96,Werder Bremen,98
Hansa Rostock,FC Heidenheim,618
Hansa Rostock,FC Kaiserslautern,596
Hansa Rostock,FC Nurnberg,521
Hansa Rostock,Fortuna Dusseldorf,479
Hansa Rostock,Hertha Berlin,191
Hansa Rostock,VfB Stuttgart,621
Hansa Rostock,Vfl Bochum,435
Havelse,FC Nurnberg,347
Havelse,FSV Mainz 05,284
Havelse,Vfl Bochum,192
Hennef 05,TSV 1860 Munich,430
Hertha Berlin,1.FC Köln,473
Hertha Berlin,Bayern Munich,498
Hertha Berlin,Borussia Dortmund,331
Hertha Berlin,Borussia Monchengladbach,491
Hertha Berlin,Dynamo Dresden,168
Hertha Berlin,FC Kaiserslautern,514
Hertha Berlin,FSV Mainz 05,447
Hertha Berlin,Hamburger SV,487
Hertha Berlin,Union Berlin,23
Hessen Kassel,Fortuna Dusseldorf,193
Hessen Kassel,Hannover 96,119
Holstein Kiel,Bayern Munich,691
Holstein Kiel,Borussia Dortmund,350
Holstein Kiel,Eintracht Braunschweig,228
Holstein Kiel,Energie Cottbus,402
Holstein Kiel,FC Augsburg,665
Holstein Kiel,FC Magdeburg,264
Holstein Kiel,FSV Mainz 05,499
Holstein Kiel,MSV Duisburg,401
Holstein Kiel,SC Freiburg,723
Holstein Kiel,SV Darmstadt 98,506
Holstein Kiel,TSV 1860 Munich,700
Holstein Kiel,VfB Stuttgart,618
Illertissen,Eintracht Frankfurt,235
Illertissen,FC Heidenheim,50
Illertissen,Fortuna Dusseldorf,416
Illertissen,Werder Bremen,546
Jahn Regensburg,1.FC Köln,427
Jahn Regensburg,Bayern Munich,100
Jahn Regensburg,Borussia Monchengladbach,469
Jahn Regensburg,FC Heidenheim,147
Jahn Regensburg,FC Magdeburg,349
Jahn Regensburg,Fortuna Dusseldorf,457
Jahn Regensburg,Hansa Rostock,565
Jahn Regensburg,Hertha Berlin,399
Jahn Regensburg,SV Darmstadt 98,267
Jahn Regensburg,Union Berlin,398
Jahn Regensburg,Werder Bremen,506
KFC Uerdingen 05,Borussia Dortmund,154
Kaan-Marienborn,FC Nurnberg,272
Karlsruher SC,Alemannia Aachen,258
Karlsruher SC,Bayer Leverkusen,245
Karlsruher SC,FC Schalke 04,298
Karlsruher SC,Hamburger SV,280
Karlsruher SC,Hannover 96,385
Karlsruher SC,MSV Duisburg,287
Karlsruher SC,SC Freiburg,121
Karlsruher SC,Union Berlin,527
Karlsruher SC,VfL Wolfsburg,416
Kickers Emden,FSV Frankfurt,377
Kickers Offenbach,Borussia Monchengladbach,203
Kickers Offenbach,FC Ingolstadt 04,244
Kickers Offenbach,Fortuna Dusseldorf,193
Kickers Offenbach,Hannover 96,262
Kickers Offenbach,Karlsruher SC,123
Kickers Offenbach,SpVgg Greuther Furth,174
Kickers Offenbach,Union Berlin,425
Kickers Offenbach,VfL Wolfsburg,296
Leher,1.FC Köln,281
Lippstadt 08,Bayer Leverkusen,119
Lokomotive Leipzig,Bayer Leverkusen,385
Lokomotive Leipzig,Eintracht Frankfurt,296
Luneburger SK Hansa,FSV Mainz 05,355
MSV Duisburg,1.FC Köln,53
MSV Duisburg,1899 Hoffenheim,277
MSV Duisburg,Borussia Dortmund,148
MSV Duisburg,FC Nurnberg,379
MSV Duisburg,FC Schalke 04,31
MSV Duisburg,SC Paderborn 07,143
MSV Duisburg,SpVgg Greuther Furth,367
MSV Duisburg,Union Berlin,485
Makkabi,VfL Wolfsburg,297
Meinerzhagen,SpVgg Greuther Furth,298
Neckarsulmer SU,FC Kaiserslautern,112
Neubrandenburg 04,Karlsruher SC,607
Neustrelitz,Karlsruher SC,582
Neustrelitz,SC Freiburg,700
Oberachern,Borussia Monchengladbach,308
Oberachern,SC Freiburg,71
Oberneuland,Borussia Dortmund,201
Oberneuland,Borussia Monchengladbach,273
Oberneuland,FC Ingolstadt 04,512
Oberneuland,FC Nurnberg,434
Oberneuland,SV Darmstadt 98,358
Offenburger FV,FC St. Pauli,574
Optik Rathenow,FC St. Pauli,191
Optik Rathenow,FSV Frankfurt,373
Paloma,1899 Hoffenheim,185
Pfeddersheim,SpVgg Greuther Furth,197
Pirmasens,FC Heidenheim,195
Preussen Munster,Bayern Munich,502
Preussen Munster,FC Augsburg,460
Preussen Munster,FC St. Pauli,240
Preussen Munster,Hertha Berlin,389
Preussen Munster,VfL Wolfsburg,225
Preussen Munster,Werder Bremen,151
RB Leipzig,1899 Hoffenheim,339
RB Leipzig,Bayern Munich,357
RB Leipzig,Borussia Dortmund,243
RB Leipzig,Erzgebirge AUE,85
RB Leipzig,FC Augsburg,347
RB Leipzig,Hansa Rostock,305
RB Leipzig,SC Paderborn 07,255
RB Leipzig,Union Berlin,150
RB Leipzig,VfL Wolfsburg,161
RB Leipzig,Vfl Bochum,355
Reutlingen,Eintracht Braunschweig,433
Reutlingen,Karlsruher SC,83
Rostocker FC,FC Heidenheim,616
Rot Weiss Ahlen,SC Paderborn 07,458
Rot-weiss Erfurt,1899 Hoffenheim,244
Rot-weiss Essen,Arminia Bielefeld,121
Rot-weiss Essen,Bayer Leverkusen,48
Rot-weiss Essen,Borussia Monchengladbach,54
Rot-weiss Essen,Fortuna Dusseldorf,32
Rot-weiss Essen,Hamburger SV,505
Rot-weiss Essen,Hertha Berlin,439
Rot-weiss Essen,Holstein Kiel,381
Rot-weiss Essen,Union Berlin,459
Rot-weiss Oberhausen,FC Augsburg,453
Rot-weiss Oberhausen,SV Sandhausen,272
Roßbach / Verscheid,FSV Mainz 05,84
SC Freiburg,1.FC Köln,332
SC Freiburg,Bayer Leverkusen,344
SC Freiburg,Dynamo Dresden,543
SC Freiburg,FC Augsburg,227
SC Freiburg,FC St. Pauli,636
SC Freiburg,RB Leipzig,492
SC Freiburg,SC Paderborn 07,420
SC Freiburg,SV Sandhausen,159
SC Freiburg,Union Berlin,641
SC Paderborn 07,Bayern Munich,443
SC Paderborn 07,FC Ingolstadt 04,382
SC Paderborn 07,FC St. Pauli,220
SC Paderborn 07,Hamburger SV,457
SC Paderborn 07,SV Sandhausen,266
SC Paderborn 07,VfB Stuttgart,327
SC Paderborn 07,Vfl Bochum,106
SC Paderborn 07,Werder Bremen,149
SF Baumberg,FC Ingolstadt 04,605
SG Sonnenhof Grossaspach,FSV Frankfurt,137
SG Wattenscheid 09,FC Heidenheim,380
SSV Jeddeloh,FC Heidenheim,517
SSV ULM 1846,Eintracht Frankfurt,214
SSV ULM 1846,Erzgebirge AUE,313
SSV ULM 1846,FC Heidenheim,31
SSV ULM 1846,FC Nurnberg,141
SSV ULM 1846,FC Schalke 04,410
SSV ULM 1846,Fortuna Dusseldorf,396
SV Babelsberg 03,MSV Duisburg,453
SV Babelsberg 03,RB Leipzig,128
SV Babelsberg 03,SC Freiburg,615
SV Babelsberg 03,SpVgg Greuther Furth,354
SV Darmstadt 98,Borussia Monchengladbach,213
SV Darmstadt 98,FC Schalke 04,219
SV Darmstadt 98,Hannover 96,289
SV Darmstadt 98,Hertha Berlin,435
SV Darmstadt 98,Karlsruher SC,96
SV Darmstadt 98,VfL Wolfsburg,322
SV Drochtersen/assel,Bayern Munich,633
SV Drochtersen/assel,Borussia Monchengladbach,345
SV Drochtersen/assel,FC Schalke 04,286
SV Eichede,FC Kaiserslautern,509
SV Elversberg,Bayer Leverkusen,190
SV Elversberg,Borussia Monchengladbach,213
SV Elversberg,FC Augsburg,296
SV Elversberg,FC St. Pauli,511
SV Elversberg,FSV Mainz 05,111
SV Elversberg,VfL Wolfsburg,433
SV Elversberg,Vfl Bochum,244
SV Linx,FC Nurnberg,252
SV Meppen,1.FC Köln,201
SV Meppen,Hertha Berlin,403
SV Rodinghausen,1899 Hoffenheim,331
SV Rodinghausen,Bayern Munich,501
SV Rodinghausen,Dynamo Dresden,385
SV Rodinghausen,SC Paderborn 07,59
SV Sandhausen,Bayer Leverkusen,222
SV Sandhausen,Borussia Dortmund,217
SV Sandhausen,Borussia Monchengladbach,258
SV Sandhausen,Energie Cottbus,485
SV Sandhausen,FC Heidenheim,132
SV Sandhausen,FC Nurnberg,180
SV Sandhausen,Hannover 96,347
SV Sandhausen,Karlsruher SC,39
SV Sandhausen,RB Leipzig,345
SV Wehen,1.FC Köln,134
SV Wehen,Borussia Dortmund,141
SV Wehen,Erzgebirge Aue,321
SV Wehen,FC Heidenheim,207
SV Wehen,FC Kaiserslautern,78
SV Wehen,FC Schalke 04,186
SV Wehen,FC St. Pauli,405
SV Wehen,Hamburger SV,343
SV Wehen,Jahn Regensburg,301
SV Wehen,RB Leipzig,321
SV Wehen,VfB Stuttgart,157
Salmrohr,Holstein Kiel,539
Salmrohr,Vfl Bochum,177
Sc Hauenstein,Bayer Leverkusen,212
Schott Jena,Hamburger SV,304
Schott Mainz,Borussia Dortmund,149
Schott Mainz,Hannover 96,284
Schwarz-Weiß Rehden,Bayern Munich,539
Schwarz-Weiß Rehden,SV Sandhausen,365
Schwarz-Weiß Rehden,VfR Aalen,435
Schönberg,VfL Wolfsburg,141
SpVgg Greuther Furth,Borussia Dortmund,250
SpVgg Greuther Furth,Borussia Monchengladbach,373
SpVgg Greuther Furth,FC Ingolstadt 04,88
SpVgg Greuther Furth,FSV Mainz 05,206
SpVgg Greuther Furth,SC Paderborn 07,295
SpVgg Unterhaching,1.FC Köln,465
SpVgg Unterhaching,Bayer Leverkusen,469
SpVgg Unterhaching,FC Augsburg,63
SpVgg Unterhaching,FC Heidenheim,128
SpVgg Unterhaching,FC Ingolstadt 04,79
SpVgg Unterhaching,FSV Mainz 05,327
SpVgg Unterhaching,Fortuna Dusseldorf,500
SpVgg Unterhaching,RB Leipzig,368
SpVgg Unterhaching,SC Freiburg,277
SpVgg Unterhaching,Vfl Bochum,495
Sportfreunde Dorfmerkingen,RB Leipzig,319
Sportfreunde Lotte,Bayer Leverkusen,153
Sportfreunde Lotte,Borussia Dortmund,128
Sportfreunde Lotte,Karlsruher SC,363
Sportfreunde Lotte,TSV 1860 Munich,532
Sportfreunde Lotte,Werder Bremen,108
Sportfreunde Siegen,FSV Frankfurt,95
Straelen,FC St. Pauli,344
Stuttgarter Kickers,Borussia Dortmund,284
Stuttgarter Kickers,Eintracht Frankfurt,159
Stuttgarter Kickers,SpVgg Greuther Furth,158
Stuttgarter Kickers,VfL Wolfsburg,428
Sv Morlautern,SpVgg Greuther Furth,234
TSV 1860 Munich,1899 Hoffenheim,239
TSV 1860 Munich,Borussia Dortmund,404
TSV 1860 Munich,Eintracht Frankfurt,306
TSV 1860 Munich,FC Ingolstadt 04,74
TSV 1860 Munich,FC Schalke 04,503
TSV 1860 Munich,Karlsruher SC,254
TSV 1860 Munich,SC Freiburg,274
TSV 1860 Munich,SV Darmstadt 98,290
TSV Steinbach,FC Augsburg,130
TSV Steinbach,SV Sandhausen,70
Teningen,FC Schalke 04,385
Teutonia Ottensen,Bayer Leverkusen,156
Teutonia Ottensen,RB Leipzig,232
Todesfelde,VfL Osnabruck,229
TuS Erndtebruck,Eintracht Frankfurt,100
TuS Erndtebruck,Hamburger SV,411
TuS Erndtebruck,SV Darmstadt 98,127
TuS Koblenz,Dynamo Dresden,443
TuS RW Koblenz,FC Kaiserslautern,102
TuS RW Koblenz,Fortuna Dusseldorf,118
TuS RW Koblenz,Jahn Regensburg,357
Tus Dassendorf,Dynamo Dresden,357
Tus Dassendorf,MSV Duisburg,342
Türkgücü-Ataspor,Union Berlin,502
Union Berlin,FC Kaiserslautern,527
Union Berlin,FC St. Pauli,271
Union Berlin,SC Paderborn 07,342
Union Berlin,VfL Wolfsburg,188
Union Fürstenwalde,VfL Wolfsburg,282
Verl,FC Augsburg,426
Verl,Holstein Kiel,294
Verl,Union Berlin,352
VfB Lubeck,1899 Hoffenheim,527
VfB Lubeck,Eintracht Braunschweig,176
VfB Lubeck,FC St. Pauli,59
VfB Lubeck,FSV Mainz 05,462
VfB Lubeck,Hansa Rostock,95
VfB Lubeck,SC Paderborn 07,273
VfB Oldenburg,Hamburger SV,610
VfB Stuttgart,1.FC Köln,287
VfB Stuttgart,Arminia Bielefeld,361
VfB Stuttgart,Bayern Munich,185
VfB Stuttgart,Borussia Dortmund,277
VfB Stuttgart,Eintracht Braunschweig,399
VfB Stuttgart,Eintracht Frankfurt,152
VfB Stuttgart,FC St. Pauli,531
VfB Stuttgart,FSV Frankfurt,152
VfB Stuttgart,Hamburger SV,216
VfB Stuttgart,SC Freiburg,133
VfB Stuttgart,Union Berlin,510
VfB Stuttgart,Vfl Bochum,332
VfL Oldenburg,Fortuna Dusseldorf,235
VfL Osnabruck,Erzgebirge AUE,371
VfL Osnabruck,FC Nurnberg,383
VfL Osnabruck,Hamburger SV,533
VfL Osnabruck,RB Leipzig,312
VfL Osnabruck,SC Freiburg,477
VfL Osnabruck,TSV 1860 Munich,527
VfL Osnabruck,Union Berlin,375
VfL Osnabruck,Werder Bremen,102
VfL Wolfsburg,Bayer Leverkusen,307
VfL Wolfsburg,FC Heidenheim,422
VfL Wolfsburg,FC Ingolstadt 04,411
VfL Wolfsburg,FSV Frankfurt,295
VfL Wolfsburg,Hannover 96,73
VfL Wolfsburg,SC Freiburg,536
VfL Wolfsburg,SV Sandhausen,377
VfL Wolfsburg,VfR Aalen,403
VfR Aalen,1899 Hoffenheim,102
VfR Aalen,Borussia Dortmund,285
VfR Aalen,FC Ingolstadt 04,100
VfR Aalen,FC Nurnberg,102
VfR Aalen,Hannover 96,394
VfR Neumünster,Hertha Berlin,280
Vfl Bochum,Bayern Munich,482
Vfl Bochum,Borussia Dortmund,116
Vfl Bochum,FC Augsburg,437
Vfl Bochum,FC Kaiserslautern,232
Vfl Bochum,SC Freiburg,394
Vfl Bochum,TSV 1860 Munich,489
Victoria Hamburg,Hannover 96,248
Victoria Hamburg,SC Freiburg,636
Viktoria Berlin,Arminia Bielefeld,330
Viktoria Berlin,Eintracht Frankfurt,417
Viktoria Berlin,Vfl Bochum,434
Wacker Burghausen,Fortuna Dusseldorf,550
Wacker Nordhausen,Erzgebirge AUE,168
Waldhof Mannheim,Eintracht Frankfurt,70
Waldhof Mannheim,FC Nurnberg,192
Waldhof Mannheim,Holstein Kiel,547
Waldhof Mannheim,SC Freiburg,176
Waldhof Mannheim,Union Berlin,483
Waldkirch,SpVgg Greuther Furth,272
Weiche Flensburg,Holstein Kiel,68
Weiche Flensburg,Vfl Bochum,390
Weiche Flensburg,Werder Bremen,193
Werder Bremen,1.FC Köln,275
Werder Bremen,1899 Hoffenheim,422
Werder Bremen,RB Leipzig,307
Werder Bremen,SC Freiburg,569
Werder Bremen,SpVgg Greuther Furth,424
Wiedenbrück,1.FC Köln,142
Wiedenbrück,Fortuna Dusseldorf,124
Wiedenbrück,SC Paderborn 07,31
Wiedenbrück,SV Sandhausen,279
Wilhelmshaven,Borussia Dortmund,255
Wilhelmshaven,FC Augsburg,606
Wormatia Worms,1.FC Köln,175
Wormatia Worms,Hertha Berlin,470
Wormatia Worms,Werder Bremen,384
Wuppertaler SV,Vfl Bochum,25
ZFC Meuselwitz,Hertha Berlin,176
Zweibrücken,FSV Mainz 05,105
