team_name,opponent_name,Distance,distance
1.FC Köln,VfL Osnabruck,,173.0
1860 Rosenheim,VfR Aalen,,188.0
1899 Hoffenheim,1.FC Köln,,229.0
1899 Hoffenheim,Energie Cottbus,,477.0
1899 Hoffenheim,FC Augsburg,,181.0
1899 Hoffenheim,FSV Frankfurt,,96.0
1899 Hoffenheim,Holstein Kiel,,570.0
1899 Hoffenheim,SC Freiburg,,159.0
1899 Hoffenheim,SpVgg Greuther Furth,,159.0
1899 Hoffenheim,VfL Wolfsburg,,378.0
Alemannia Aachen,Bayer Leverkusen,,71.0
Alemannia Aachen,Borussia Monchengladbach,,52.0
Alemannia Waldalgesheim,Bayer Leverkusen,,133.0
Altglienicke,1.FC Köln,,489.0
Anker Wismar,Hannover 96,,203.0
Arminia Bielefeld,Bayer Leverkusen,,157.0
Arminia Bielefeld,Borussia Monchengladbach,,175.0
Arminia Bielefeld,Eintracht Braunschweig,,136.0
Arminia Bielefeld,FC Nurnberg,,339.0
Arminia Bielefeld,FC Schalke 04,,117.0
Arminia Bielefeld,Fortuna Dusseldorf,,150.0
Arminia Bielefeld,Hamburger SV,,489.0
Arminia Bielefeld,Hertha Berlin,,323.0
Arminia Bielefeld,MSV Duisburg,,147.0
Arminia Bielefeld,SC Paderborn 07,,34.0
Arminia Bielefeld,SV Sandhausen,,299.0
Arminia Bielefeld,VfL Wolfsburg,,159.0
Arminia Bielefeld,Vfl Bochum,,109.0
Arminia Bielefeld,Werder Bremen,,118.0
Atlas Delmenhorst,FC St. Pauli,,103.0
Atlas Delmenhorst,Werder Bremen,,13.0
Aumund-Vegesack,1899 Hoffenheim,,434.0
BAK '07,1899 Hoffenheim,,512.0
BAK '07,TSV 1860 Munich,,627.0
BFC Dynamo,1.FC Köln,,489.0
BFC Dynamo,FC Kaiserslautern,,528.0
BFC Dynamo,FC Schalke 04,,453.0
BFC Dynamo,FSV Frankfurt,,426.0
BFC Dynamo,VfB Stuttgart,,513.0
BFC Preussen,1.FC Köln,,477.0
BSC Hastedt,Borussia Monchengladbach,,268.0
BSG Chemie Leipzig,Jahn Regensburg,,261.0
BSG Chemie Leipzig,SC Paderborn 07,,257.0
BW Lohne,FC Augsburg,,454.0
Bahlinger SC,SV Sandhausen,,150.0
Bahlinger SC,Vfl Bochum,,378.0
Balingen,VfB Stuttgart,,65.0
Barmbek-Uhlenhorst,SC Freiburg,,639.0
Baunatal,Vfl Bochum,,154.0
Bayer Leverkusen,Bayern Munich,,456.0
Bayer Leverkusen,Eintracht Frankfurt,,158.0
Bayer Leverkusen,FC Kaiserslautern,,184.0
Bayer Leverkusen,Fortuna Dusseldorf,,25.0
Bayer Leverkusen,SC Paderborn 07,,144.0
Bayer Leverkusen,Union Berlin,,481.0
Bayer Leverkusen,VfB Stuttgart,,294.0
Bayer Leverkusen,Werder Bremen,,261.0
Bayern Munich,1899 Hoffenheim,,232.0
Bayern Munich,Eintracht Frankfurt,,298.0
Bayern Munich,FC Heidenheim,,117.0
Bayern Munich,FC Ingolstadt 04,,66.0
Bayern Munich,FC Kaiserslautern,,310.0
Bayern Munich,FC Schalke 04,,494.0
Bayern Munich,Hannover 96,,484.0
Bayern Munich,SC Freiburg,,272.0
Bayern Munich,SV Darmstadt 98,,282.0
Bayern Munich,VfL Wolfsburg,,476.0
Bayern Munich,Werder Bremen,,576.0
Bayreuth,Arminia Bielefeld,,312.0
Bayreuth,Hamburger SV,,196.0
Bersenbrück,Borussia Monchengladbach,,185.0
Bonner SC,Hannover 96,,257.0
Borussia Dortmund,1899 Hoffenheim,,224.0
Borussia Dortmund,Bayern Munich,,395.0
Borussia Dortmund,Borussia Monchengladbach,,169.0
Borussia Dortmund,Dynamo Dresden,,348.0
Borussia Dortmund,FC Ingolstadt 04,,335.0
Borussia Dortmund,Hannover 96,,136.0
Borussia Dortmund,SC Paderborn 07,,50.0
Borussia Dortmund,Union Berlin,,350.0
Borussia Dortmund,VfL Wolfsburg,,186.0
Borussia Dortmund,Werder Bremen,,199.0
Borussia Monchengladbach,Bayer Leverkusen,,42.0
Borussia Monchengladbach,Bayern Munich,,496.0
Borussia Monchengladbach,FC Schalke 04,,60.0
Borussia Monchengladbach,VfB Stuttgart,,330.0
Borussia Monchengladbach,VfL Wolfsburg,,331.0
Borussia Monchengladbach,Werder Bremen,,266.0
Bremer Sv,Bayern Munich,,579.0
Bremer Sv,Eintracht Braunschweig,,147.0
Bremer Sv,Eintracht Frankfurt,,336.0
Bremer Sv,FC Schalke 04,,207.0
Bremer Sv,SV Darmstadt 98,,356.0
CFR Pforzheim,Bayer Leverkusen,,267.0
Carl Zeiss Jena,1.FC Köln,,329.0
Carl Zeiss Jena,Bayer Leverkusen,,323.0
Carl Zeiss Jena,Bayern Munich,,306.0
Carl Zeiss Jena,Erzgebirge AUE,,86.0
Carl Zeiss Jena,Hamburger SV,,305.0
Carl Zeiss Jena,Hertha Berlin,,210.0
Carl Zeiss Jena,Union Berlin,,218.0
Carl Zeiss Jena,VfB Stuttgart,,291.0
Carl Zeiss Jena,VfL Wolfsburg,,176.0
Carl Zeiss Jena,Werder Bremen,,303.0
Chemnitzer FC,1899 Hoffenheim,,389.0
Chemnitzer FC,Bayern Munich,,370.0
Chemnitzer FC,Borussia Dortmund,,309.0
Chemnitzer FC,Dynamo Dresden,,50.0
Chemnitzer FC,FSV Mainz 05,,385.0
Chemnitzer FC,Hamburger SV,,357.0
Chemnitzer FC,Union Berlin,,129.0
Chemnitzer FC,Werder Bremen,,362.0
Dynamo Dresden,Arminia Bielefeld,,380.0
Dynamo Dresden,Bayer Leverkusen,,478.0
Dynamo Dresden,FC Schalke 04,,474.0
Dynamo Dresden,FC St. Pauli,,387.0
Dynamo Dresden,Hamburger SV,,336.0
Dynamo Dresden,RB Leipzig,,110.0
Dynamo Dresden,SC Paderborn 07,,363.0
Dynamo Dresden,SV Darmstadt 98,,385.0
Dynamo Dresden,VfB Stuttgart,,410.0
Dynamo Dresden,Vfl Bochum,,462.0
Düren Merzenich,Bayern Munich,,469.0
Eichstätt,Hertha Berlin,,428.0
Eimsbütteler TV,SpVgg Greuther Furth,,459.0
Einheit Wernigerode,SC Paderborn 07,,143.0
Eintracht Braunschweig,Bayern Munich,,463.0
Eintracht Braunschweig,Borussia Dortmund,,160.0
Eintracht Braunschweig,FC Schalke 04,,251.0
Eintracht Braunschweig,Hamburger SV,,466.0
Eintracht Braunschweig,Hertha Berlin,,187.0
Eintracht Braunschweig,SC Freiburg,,514.0
Eintracht Braunschweig,VfL Wolfsburg,,25.0
Eintracht Celle,FC Augsburg,,252.0
Eintracht Frankfurt,Arminia Bielefeld,,217.0
Eintracht Frankfurt,Borussia Dortmund,,136.0
Eintracht Frankfurt,Borussia Monchengladbach,,198.0
Eintracht Frankfurt,FC Ingolstadt 04,,248.0
Eintracht Frankfurt,FC Kaiserslautern,,94.0
Eintracht Frankfurt,FSV Mainz 05,,30.0
Eintracht Frankfurt,RB Leipzig,,297.0
Eintracht Frankfurt,SV Darmstadt 98,,21.0
Eintracht Frankfurt,SV Sandhausen,,82.0
Eintracht Frankfurt,Union Berlin,,434.0
Eintracht Frankfurt,Vfl Bochum,,188.0
Eintracht Frankfurt,Werder Bremen,,334.0
Eintracht Norderstedt,Bayer Leverkusen,,359.0
Eintracht Norderstedt,Hannover 96,,146.0
Eintracht Norderstedt,SpVgg Greuther Furth,,470.0
Eintracht Norderstedt,VfL Wolfsburg,,149.0
Eintracht Trier,1.FC Köln,,128.0
Eintracht Trier,Borussia Dortmund,,230.0
Eintracht Trier,FC St. Pauli,,479.0
Eintracht Trier,Hamburger SV,,429.0
Eintracht Trier,SC Freiburg,,218.0
Energie Cottbus,Bayern Munich,,446.0
Energie Cottbus,FSV Mainz 05,,471.0
Energie Cottbus,Hamburger SV,,428.0
Energie Cottbus,SC Freiburg,,624.0
Energie Cottbus,SC Paderborn 07,,388.0
Energie Cottbus,VfB Stuttgart,,491.0
Energie Cottbus,Werder Bremen,,402.0
Erzgebirge AUE,Eintracht Frankfurt,,294.0
Erzgebirge AUE,FC Heidenheim,,284.0
Erzgebirge AUE,FC Nurnberg,,172.0
Erzgebirge AUE,SpVgg Greuther Furth,,173.0
Erzgebirge Aue,FC Ingolstadt 04,,225.0
Erzgebirge Aue,FSV Mainz 05,,324.0
FC 08 Homburg,Borussia Monchengladbach,,216.0
FC 08 Homburg,FC St. Pauli,,505.0
FC 08 Homburg,SV Darmstadt 98,,116.0
FC 08 Homburg,SpVgg Greuther Furth,,266.0
FC 08 Homburg,VfB Stuttgart,,149.0
FC 08 Villingen,FC Schalke 04,,402.0
FC 08 Villingen,Fortuna Dusseldorf,,371.0
FC Astoria Walldorf,Arminia Bielefeld,,301.0
FC Astoria Walldorf,Hannover 96,,349.0
FC Astoria Walldorf,SV Darmstadt 98,,64.0
FC Astoria Walldorf,Union Berlin,,492.0
FC Astoria Walldorf,Vfl Bochum,,264.0
FC Augsburg,Bayern Munich,,52.0
FC Augsburg,Borussia Dortmund,,356.0
FC Augsburg,FSV Mainz 05,,265.0
FC Gutersloh,Holstein Kiel,,294.0
FC Heidenheim,Bayer Leverkusen,,346.0
FC Heidenheim,Borussia Monchengladbach,,385.0
FC Heidenheim,Eintracht Frankfurt,,190.0
FC Heidenheim,Hertha Berlin,,481.0
FC Heidenheim,TSV 1860 Munich,,123.0
FC Heidenheim,Union Berlin,,486.0
FC Heidenheim,Vfl Bochum,,377.0
FC Heidenheim,Werder Bremen,,498.0
FC Ingolstadt 04,Erzgebirge AUE,,225.0
FC Ingolstadt 04,FC Nurnberg,,78.0
FC Ingolstadt 04,Fortuna Dusseldorf,,428.0
FC Ingolstadt 04,SV Darmstadt 98,,236.0
FC Kaiserslautern,1.FC Köln,,174.0
FC Kaiserslautern,1899 Hoffenheim,,80.0
FC Kaiserslautern,Borussia Monchengladbach,,215.0
FC Kaiserslautern,FC Nurnberg,,244.0
FC Kaiserslautern,FSV Mainz 05,,71.0
FC Kaiserslautern,Fortuna Dusseldorf,,209.0
FC Kaiserslautern,Jahn Regensburg,,317.0
FC Kaiserslautern,SC Freiburg,,162.0
FC Kaiserslautern,SpVgg Greuther Furth,,234.0
FC Kaiserslautern,VfB Stuttgart,,128.0
FC Lok Stendal,Arminia Bielefeld,,234.0
FC Magdeburg,Bayer Leverkusen,,345.0
FC Magdeburg,Borussia Dortmund,,214.0
FC Magdeburg,Eintracht Frankfurt,,311.0
FC Magdeburg,Energie Cottbus,,190.0
FC Magdeburg,FC Augsburg,,422.0
FC Magdeburg,FC St. Pauli,,194.0
FC Magdeburg,Fortuna Dusseldorf,,348.0
FC Magdeburg,SC Freiburg,,533.0
FC Magdeburg,SV Darmstadt 98,,325.0
FC Nottingen,Bayern Munich,,234.0
FC Nottingen,FC Schalke 04,,312.0
FC Nottingen,Hannover 96,,392.0
FC Nottingen,Vfl Bochum,,302.0
FC Nurnberg,FC Schalke 04,,373.0
FC Nurnberg,Fortuna Dusseldorf,,365.0
FC Nurnberg,Hertha Berlin,,373.0
FC Nurnberg,RB Leipzig,,229.0
FC Nurnberg,SpVgg Greuther Furth,,12.0
FC Nurnberg,VfB Stuttgart,,156.0
FC Nurnberg,VfL Wolfsburg,,334.0
FC Rielasingen-Arlen,Borussia Dortmund,,395.0
FC Rielasingen-Arlen,Holstein Kiel,,739.0
FC Saarbrucken,1.FC Köln,,186.0
FC Saarbrucken,Bayer Leverkusen,,199.0
FC Saarbrucken,Borussia Dortmund,,264.0
FC Saarbrucken,Erzgebirge AUE,,436.0
FC Saarbrucken,FC Schalke 04,,259.0
FC Saarbrucken,Fortuna Dusseldorf,,222.0
FC Saarbrucken,Jahn Regensburg,,372.0
FC Saarbrucken,Karlsruher SC,,106.0
FC Saarbrucken,SC Paderborn 07,,303.0
FC Saarbrucken,Union Berlin,,585.0
FC Saarbrucken,Werder Bremen,,445.0
FC Saarbrücken,Bayern Munich,,354.0
FC Saarbrücken,Borussia Monchengladbach,,220.0
FC Saarbrücken,Eintracht Frankfurt,,151.0
FC Saarbrücken,FC Kaiserslautern,,61.0
FC Saarbrücken,Karlsruher SC,,106.0
FC Schalke 04,1.FC Köln,,73.0
FC Schalke 04,1899 Hoffenheim,,284.0
FC Schalke 04,Eintracht Frankfurt,,200.0
FC Schalke 04,FSV Mainz 05,,192.0
FC Schalke 04,Fortuna Dusseldorf,,40.0
FC Schalke 04,Hertha Berlin,,437.0
FC Schalke 04,SV Sandhausen,,272.0
FC Schalke 04,VfL Wolfsburg,,275.0
FC Schalke 04,Werder Bremen,,207.0
FC Schweinfurt 05,Eintracht Frankfurt,,114.0
FC Schweinfurt 05,FC Schalke 04,,279.0
FC Schweinfurt 05,SV Sandhausen,,139.0
FC St. Pauli,Borussia Dortmund,,264.0
FC St. Pauli,Borussia Monchengladbach,,357.0
FC St. Pauli,Eintracht Frankfurt,,398.0
FC St. Pauli,FC Schalke 04,,297.0
FC St. Pauli,Fortuna Dusseldorf,,336.0
FC St. Pauli,Hertha Berlin,,248.0
FC Viktoria Koln,1899 Hoffenheim,,223.0
FC Viktoria Koln,Bayer Leverkusen,,14.0
FC Viktoria Koln,Bayern Munich,,445.0
FC Viktoria Koln,Eintracht Frankfurt,,148.0
FC Viktoria Koln,FC Nurnberg,,335.0
FC Viktoria Koln,Hertha Berlin,,465.0
FC Viktoria Koln,RB Leipzig,,375.0
FC Viktoria Koln,Union Berlin,,484.0
FC Viktoria Koln,Werder Bremen,,271.0
FC Wurzburger Kickers,1899 Hoffenheim,,98.0
FC Wurzburger Kickers,Eintracht Braunschweig,,281.0
FC Wurzburger Kickers,Fortuna Dusseldorf,,273.0
FC Wurzburger Kickers,Hannover 96,,288.0
FC Wurzburger Kickers,SC Freiburg,,250.0
FC Wurzburger Kickers,TSV 1860 Munich,,222.0
FC Wurzburger Kickers,Werder Bremen,,372.0
FSV Frankfurt,FC Ingolstadt 04,,248.0
FSV Frankfurt,Hansa Rostock,,497.0
FSV Frankfurt,Hertha Berlin,,412.0
FSV Mainz 05,1.FC Köln,,139.0
FSV Mainz 05,Arminia Bielefeld,,226.0
FSV Mainz 05,Bayern Munich,,314.0
FSV Mainz 05,Erzgebirge AUE,,324.0
FSV Mainz 05,SC Freiburg,,225.0
FSV Mainz 05,TSV 1860 Munich,,321.0
FSV Mainz 05,VfB Stuttgart,,151.0
FSV Mainz 05,Vfl Bochum,,182.0
FSV Zwickau,Hamburger SV,,283.0
FT Braunschweig,1.FC Köln,,293.0
FV Engers 07,Arminia Bielefeld,,191.0
FV Engers 07,Vfl Bochum,,122.0
FV Ravensburg,FC Augsburg,,116.0
Falkensee-Finkenkrug,VfB Stuttgart,,499.0
Fortuna Dusseldorf,Borussia Dortmund,,142.0
Fortuna Dusseldorf,Borussia Monchengladbach,,27.0
Fortuna Dusseldorf,Erzgebirge AUE,,418.0
Fortuna Dusseldorf,TSV 1860 Munich,,487.0
Fortuna Koln,FSV Mainz 05,,137.0
Germania Egestorf,1899 Hoffenheim,,240.0
Germania Halberstadt,SC Freiburg,,490.0
Germania Halberstadt,Union Berlin,,183.0
Germania Windeck,1899 Hoffenheim,,194.0
Greifswalder FC,FC Augsburg,,660.0
Hallescher FC,Eintracht Braunschweig,,135.0
Hallescher FC,Eintracht Frankfurt,,272.0
Hallescher FC,FC Kaiserslautern,,373.0
Hallescher FC,Hamburger SV,,363.0
Hallescher FC,MSV Duisburg,,363.0
Hallescher FC,SpVgg Greuther Furth,,229.0
Hallescher FC,VfL Wolfsburg,,134.0
Hamburger SV,1.FC Köln,,476.0
Hamburger SV,Bayern Munich,,35.0
Hamburger SV,Borussia Monchengladbach,,519.0
Hamburger SV,FC Nurnberg,,151.0
Hamburger SV,RB Leipzig,,350.0
Hamburger SV,SC Freiburg,,307.0
Hamburger SV,SpVgg Greuther Furth,,162.0
Hannover 96,Borussia Monchengladbach,,263.0
Hannover 96,Dynamo Dresden,,320.0
Hannover 96,Eintracht Frankfurt,,259.0
Hannover 96,FSV Mainz 05,,284.0
Hannover 96,Fortuna Dusseldorf,,238.0
Hannover 96,RB Leipzig,,213.0
Hannover 96,Werder Bremen,,98.0
Hansa Rostock,FC Heidenheim,,618.0
Hansa Rostock,FC Kaiserslautern,,596.0
Hansa Rostock,FC Nurnberg,,521.0
Hansa Rostock,Fortuna Dusseldorf,,478.0
Hansa Rostock,Hertha Berlin,,191.0
Hansa Rostock,VfB Stuttgart,,621.0
Hansa Rostock,Vfl Bochum,,435.0
Havelse,FC Nurnberg,,347.0
Havelse,FSV Mainz 05,,284.0
Havelse,Vfl Bochum,,192.0
Hennef 05,TSV 1860 Munich,,429.0
Hertha Berlin,1.FC Köln,,473.0
Hertha Berlin,Bayern Munich,,498.0
Hertha Berlin,Borussia Dortmund,,331.0
Hertha Berlin,Borussia Monchengladbach,,491.0
Hertha Berlin,Dynamo Dresden,,174.0
Hertha Berlin,FC Kaiserslautern,,514.0
Hertha Berlin,FSV Mainz 05,,447.0
Hertha Berlin,Hamburger SV,,487.0
Hertha Berlin,Union Berlin,,23.0
Hessen Kassel,Fortuna Dusseldorf,,188.0
Hessen Kassel,Hannover 96,,119.0
Holstein Kiel,Bayern Munich,,691.0
Holstein Kiel,Borussia Dortmund,,350.0
Holstein Kiel,Eintracht Braunschweig,,228.0
Holstein Kiel,Energie Cottbus,,402.0
Holstein Kiel,FC Augsburg,,665.0
Holstein Kiel,FC Magdeburg,,264.0
Holstein Kiel,FSV Mainz 05,,499.0
Holstein Kiel,MSV Duisburg,,401.0
Holstein Kiel,SC Freiburg,,723.0
Holstein Kiel,SV Darmstadt 98,,505.0
Holstein Kiel,TSV 1860 Munich,,700.0
Holstein Kiel,VfB Stuttgart,,618.0
Illertissen,Eintracht Frankfurt,,235.0
Illertissen,FC Heidenheim,,50.0
Illertissen,Fortuna Dusseldorf,,409.0
Illertissen,Werder Bremen,,546.0
Jahn Regensburg,1.FC Köln,,427.0
Jahn Regensburg,Bayern Munich,,100.0
Jahn Regensburg,Borussia Monchengladbach,,469.0
Jahn Regensburg,FC Heidenheim,,147.0
Jahn Regensburg,FC Magdeburg,,349.0
Jahn Regensburg,Fortuna Dusseldorf,,450.0
Jahn Regensburg,Hansa Rostock,,565.0
Jahn Regensburg,Hertha Berlin,,399.0
Jahn Regensburg,SV Darmstadt 98,,265.0
Jahn Regensburg,Union Berlin,,398.0
Jahn Regensburg,Werder Bremen,,506.0
KFC Uerdingen 05,Borussia Dortmund,,154.0
Kaan-Marienborn,FC Nurnberg,,
Karlsruher SC,Alemannia Aachen,,
Karlsruher SC,Bayer Leverkusen,,
Karlsruher SC,FC Schalke 04,,
Karlsruher SC,Hamburger SV,,
Karlsruher SC,Hannover 96,,
Karlsruher SC,MSV Duisburg,,
Karlsruher SC,SC Freiburg,,
Karlsruher SC,Union Berlin,,
Karlsruher SC,VfL Wolfsburg,,
Kickers Emden,FSV Frankfurt,,
Kickers Offenbach,Borussia Monchengladbach,,
Kickers Offenbach,FC Ingolstadt 04,,
Kickers Offenbach,Fortuna Dusseldorf,,
Kickers Offenbach,Hannover 96,,
Kickers Offenbach,Karlsruher SC,,
Kickers Offenbach,SpVgg Greuther Furth,,
Kickers Offenbach,Union Berlin,,
Kickers Offenbach,VfL Wolfsburg,,
Leher,1.FC Köln,,
Lippstadt 08,Bayer Leverkusen,,
Lokomotive Leipzig,Bayer Leverkusen,,
Lokomotive Leipzig,Eintracht Frankfurt,,
Luneburger SK Hansa,FSV Mainz 05,,
MSV Duisburg,1.FC Köln,,
MSV Duisburg,1899 Hoffenheim,,
MSV Duisburg,Borussia Dortmund,,
MSV Duisburg,FC Nurnberg,,
MSV Duisburg,FC Schalke 04,,
MSV Duisburg,SC Paderborn 07,,
MSV Duisburg,SpVgg Greuther Furth,,
MSV Duisburg,Union Berlin,,
Makkabi,VfL Wolfsburg,,
Meinerzhagen,SpVgg Greuther Furth,,
Neckarsulmer SU,FC Kaiserslautern,,
Neubrandenburg 04,Karlsruher SC,,
Neustrelitz,Karlsruher SC,,
Neustrelitz,SC Freiburg,,
Oberachern,Borussia Monchengladbach,,
Oberachern,SC Freiburg,,
Oberneuland,Borussia Dortmund,,
Oberneuland,Borussia Monchengladbach,,
Oberneuland,FC Ingolstadt 04,,
Oberneuland,FC Nurnberg,,
Oberneuland,SV Darmstadt 98,,
Offenburger FV,FC St. Pauli,,
Optik Rathenow,FC St. Pauli,,
Optik Rathenow,FSV Frankfurt,,
Paloma,1899 Hoffenheim,,
Pfeddersheim,SpVgg Greuther Furth,,
Pirmasens,FC Heidenheim,,
Preussen Munster,Bayern Munich,,
Preussen Munster,FC Augsburg,,
Preussen Munster,FC St. Pauli,,
Preussen Munster,Hertha Berlin,,
Preussen Munster,VfL Wolfsburg,,
Preussen Munster,Werder Bremen,,
RB Leipzig,1899 Hoffenheim,,
RB Leipzig,Bayern Munich,,
RB Leipzig,Borussia Dortmund,,
RB Leipzig,Erzgebirge AUE,,
RB Leipzig,FC Augsburg,,
RB Leipzig,Hansa Rostock,,
RB Leipzig,SC Paderborn 07,,
RB Leipzig,Union Berlin,,
RB Leipzig,VfL Wolfsburg,,
RB Leipzig,Vfl Bochum,,
Reutlingen,Eintracht Braunschweig,,
Reutlingen,Karlsruher SC,,
Rostocker FC,FC Heidenheim,,
Rot Weiss Ahlen,SC Paderborn 07,,
Rot-weiss Erfurt,1899 Hoffenheim,,
Rot-weiss Essen,Arminia Bielefeld,,
Rot-weiss Essen,Bayer Leverkusen,,
Rot-weiss Essen,Borussia Monchengladbach,,
Rot-weiss Essen,Fortuna Dusseldorf,,
Rot-weiss Essen,Hamburger SV,,
Rot-weiss Essen,Hertha Berlin,,
Rot-weiss Essen,Holstein Kiel,,
Rot-weiss Essen,Union Berlin,,
Rot-weiss Oberhausen,FC Augsburg,,
Rot-weiss Oberhausen,SV Sandhausen,,
Roßbach / Verscheid,FSV Mainz 05,,
SC Freiburg,1.FC Köln,,
SC Freiburg,Bayer Leverkusen,,
SC Freiburg,Dynamo Dresden,,
SC Freiburg,FC Augsburg,,
SC Freiburg,FC St. Pauli,,
SC Freiburg,RB Leipzig,,
SC Freiburg,SC Paderborn 07,,
SC Freiburg,SV Sandhausen,,
SC Freiburg,Union Berlin,,
SC Paderborn 07,Bayern Munich,,
SC Paderborn 07,FC Ingolstadt 04,,
SC Paderborn 07,FC St. Pauli,,
SC Paderborn 07,Hamburger SV,,
SC Paderborn 07,SV Sandhausen,,
SC Paderborn 07,VfB Stuttgart,,
SC Paderborn 07,Vfl Bochum,,
SC Paderborn 07,Werder Bremen,,
SF Baumberg,FC Ingolstadt 04,,
SG Sonnenhof Grossaspach,FSV Frankfurt,,
SG Wattenscheid 09,FC Heidenheim,,
SSV Jeddeloh,FC Heidenheim,,
SSV ULM 1846,Eintracht Frankfurt,,
SSV ULM 1846,Erzgebirge AUE,,
SSV ULM 1846,FC Heidenheim,,
SSV ULM 1846,FC Nurnberg,,
SSV ULM 1846,FC Schalke 04,,
SSV ULM 1846,Fortuna Dusseldorf,,
SV Babelsberg 03,MSV Duisburg,,
SV Babelsberg 03,RB Leipzig,,
SV Babelsberg 03,SC Freiburg,,
SV Babelsberg 03,SpVgg Greuther Furth,,
SV Darmstadt 98,Borussia Monchengladbach,,
SV Darmstadt 98,FC Schalke 04,,
SV Darmstadt 98,Hannover 96,,
SV Darmstadt 98,Hertha Berlin,,
SV Darmstadt 98,Karlsruher SC,,
SV Darmstadt 98,VfL Wolfsburg,,
SV Drochtersen/assel,Bayern Munich,,
SV Drochtersen/assel,Borussia Monchengladbach,,
SV Drochtersen/assel,FC Schalke 04,,
SV Eichede,FC Kaiserslautern,,
SV Elversberg,Bayer Leverkusen,,
SV Elversberg,Borussia Monchengladbach,,
SV Elversberg,FC Augsburg,,
SV Elversberg,FC St. Pauli,,
SV Elversberg,FSV Mainz 05,,
SV Elversberg,VfL Wolfsburg,,
SV Elversberg,Vfl Bochum,,
SV Linx,FC Nurnberg,,
SV Meppen,1.FC Köln,,
SV Meppen,Hertha Berlin,,
SV Rodinghausen,1899 Hoffenheim,,
SV Rodinghausen,Bayern Munich,,
SV Rodinghausen,Dynamo Dresden,,
SV Rodinghausen,SC Paderborn 07,,
SV Sandhausen,Bayer Leverkusen,,
SV Sandhausen,Borussia Dortmund,,
SV Sandhausen,Borussia Monchengladbach,,
SV Sandhausen,Energie Cottbus,,
SV Sandhausen,FC Heidenheim,,
SV Sandhausen,FC Nurnberg,,
SV Sandhausen,Hannover 96,,
SV Sandhausen,Karlsruher SC,,
SV Sandhausen,RB Leipzig,,
SV Wehen,1.FC Köln,,
SV Wehen,Borussia Dortmund,,
SV Wehen,Erzgebirge Aue,,
SV Wehen,FC Heidenheim,,
SV Wehen,FC Kaiserslautern,,
SV Wehen,FC Schalke 04,,
SV Wehen,FC St. Pauli,,
SV Wehen,Hamburger SV,,
SV Wehen,Jahn Regensburg,,
SV Wehen,RB Leipzig,,
SV Wehen,VfB Stuttgart,,
Salmrohr,Holstein Kiel,,
Salmrohr,Vfl Bochum,,
Sc Hauenstein,Bayer Leverkusen,,
Schott Jena,Hamburger SV,,
Schott Mainz,Borussia Dortmund,,
Schott Mainz,Hannover 96,,
Schwarz-Weiß Rehden,Bayern Munich,,
Schwarz-Weiß Rehden,SV Sandhausen,,
Schwarz-Weiß Rehden,VfR Aalen,,
Schönberg,VfL Wolfsburg,,
SpVgg Greuther Furth,Borussia Dortmund,,
SpVgg Greuther Furth,Borussia Monchengladbach,,
SpVgg Greuther Furth,FC Ingolstadt 04,,
SpVgg Greuther Furth,FSV Mainz 05,,
SpVgg Greuther Furth,SC Paderborn 07,,
SpVgg Unterhaching,1.FC Köln,,
SpVgg Unterhaching,Bayer Leverkusen,,
SpVgg Unterhaching,FC Augsburg,,
SpVgg Unterhaching,FC Heidenheim,,
SpVgg Unterhaching,FC Ingolstadt 04,,
SpVgg Unterhaching,FSV Mainz 05,,
SpVgg Unterhaching,Fortuna Dusseldorf,,
SpVgg Unterhaching,RB Leipzig,,
SpVgg Unterhaching,SC Freiburg,,
SpVgg Unterhaching,Vfl Bochum,,
Sportfreunde Dorfmerkingen,RB Leipzig,,
Sportfreunde Lotte,Bayer Leverkusen,,
Sportfreunde Lotte,Borussia Dortmund,,
Sportfreunde Lotte,Karlsruher SC,,
Sportfreunde Lotte,TSV 1860 Munich,,
Sportfreunde Lotte,Werder Bremen,,
Sportfreunde Siegen,FSV Frankfurt,,
Straelen,FC St. Pauli,,
Stuttgarter Kickers,Borussia Dortmund,,
Stuttgarter Kickers,Eintracht Frankfurt,,
Stuttgarter Kickers,SpVgg Greuther Furth,,
Stuttgarter Kickers,VfL Wolfsburg,,
Sv Morlautern,SpVgg Greuther Furth,,
TSV 1860 Munich,1899 Hoffenheim,,
TSV 1860 Munich,Borussia Dortmund,,
TSV 1860 Munich,Eintracht Frankfurt,,
TSV 1860 Munich,FC Ingolstadt 04,,
TSV 1860 Munich,FC Schalke 04,,
TSV 1860 Munich,Karlsruher SC,,
TSV 1860 Munich,SC Freiburg,,
TSV 1860 Munich,SV Darmstadt 98,,
TSV Steinbach,FC Augsburg,,
TSV Steinbach,SV Sandhausen,,
Teningen,FC Schalke 04,,
Teutonia Ottensen,Bayer Leverkusen,,
Teutonia Ottensen,RB Leipzig,,
Todesfelde,VfL Osnabruck,,
TuS Erndtebruck,Eintracht Frankfurt,,
TuS Erndtebruck,Hamburger SV,,
TuS Erndtebruck,SV Darmstadt 98,,
TuS Koblenz,Dynamo Dresden,,
TuS RW Koblenz,FC Kaiserslautern,,
TuS RW Koblenz,Fortuna Dusseldorf,,
TuS RW Koblenz,Jahn Regensburg,,
Tus Dassendorf,Dynamo Dresden,,
Tus Dassendorf,MSV Duisburg,,
Türkgücü-Ataspor,Union Berlin,,
Union Berlin,FC Kaiserslautern,,
Union Berlin,FC St. Pauli,,
Union Berlin,SC Paderborn 07,,
Union Berlin,VfL Wolfsburg,,
Union Fürstenwalde,VfL Wolfsburg,,
Verl,FC Augsburg,,
Verl,Holstein Kiel,,
Verl,Union Berlin,,
VfB Lubeck,1899 Hoffenheim,,
VfB Lubeck,Eintracht Braunschweig,,
VfB Lubeck,FC St. Pauli,,
VfB Lubeck,FSV Mainz 05,,
VfB Lubeck,Hansa Rostock,,
VfB Lubeck,SC Paderborn 07,,
VfB Oldenburg,Hamburger SV,,
VfB Stuttgart,1.FC Köln,,
VfB Stuttgart,Arminia Bielefeld,,
VfB Stuttgart,Bayern Munich,,
VfB Stuttgart,Borussia Dortmund,,
VfB Stuttgart,Eintracht Braunschweig,,
VfB Stuttgart,Eintracht Frankfurt,,
VfB Stuttgart,FC St. Pauli,,
VfB Stuttgart,FSV Frankfurt,,
VfB Stuttgart,Hamburger SV,,
VfB Stuttgart,SC Freiburg,,
VfB Stuttgart,Union Berlin,,
VfB Stuttgart,Vfl Bochum,,
VfL Oldenburg,Fortuna Dusseldorf,,
VfL Osnabruck,Erzgebirge AUE,,
VfL Osnabruck,FC Nurnberg,,
VfL Osnabruck,Hamburger SV,,
VfL Osnabruck,RB Leipzig,,
VfL Osnabruck,SC Freiburg,,
VfL Osnabruck,TSV 1860 Munich,,
VfL Osnabruck,Union Berlin,,
VfL Osnabruck,Werder Bremen,,
VfL Wolfsburg,Bayer Leverkusen,,
VfL Wolfsburg,FC Heidenheim,,
VfL Wolfsburg,FC Ingolstadt 04,,
VfL Wolfsburg,FSV Frankfurt,,
VfL Wolfsburg,Hannover 96,,
VfL Wolfsburg,SC Freiburg,,
VfL Wolfsburg,SV Sandhausen,,
VfL Wolfsburg,VfR Aalen,,
VfR Aalen,1899 Hoffenheim,,
VfR Aalen,Borussia Dortmund,,
VfR Aalen,FC Ingolstadt 04,,
VfR Aalen,FC Nurnberg,,
VfR Aalen,Hannover 96,,
VfR Neumünster,Hertha Berlin,,
Vfl Bochum,Bayern Munich,,
Vfl Bochum,Borussia Dortmund,,
Vfl Bochum,FC Augsburg,,
Vfl Bochum,FC Kaiserslautern,,
Vfl Bochum,SC Freiburg,,
Vfl Bochum,TSV 1860 Munich,,
Victoria Hamburg,Hannover 96,,
Victoria Hamburg,SC Freiburg,,
Viktoria Berlin,Arminia Bielefeld,,
Viktoria Berlin,Eintracht Frankfurt,,
Viktoria Berlin,Vfl Bochum,,
Wacker Burghausen,Fortuna Dusseldorf,,
Wacker Nordhausen,Erzgebirge AUE,,
Waldhof Mannheim,Eintracht Frankfurt,,
Waldhof Mannheim,FC Nurnberg,,
Waldhof Mannheim,Holstein Kiel,,
Waldhof Mannheim,SC Freiburg,,
Waldhof Mannheim,Union Berlin,,
Waldkirch,SpVgg Greuther Furth,,
Weiche Flensburg,Holstein Kiel,,
Weiche Flensburg,Vfl Bochum,,
Weiche Flensburg,Werder Bremen,,
Werder Bremen,1.FC Köln,,
Werder Bremen,1899 Hoffenheim,,
Werder Bremen,RB Leipzig,,
Werder Bremen,SC Freiburg,,
Werder Bremen,SpVgg Greuther Furth,,
Wiedenbrück,1.FC Köln,,
Wiedenbrück,Fortuna Dusseldorf,,
Wiedenbrück,SC Paderborn 07,,
Wiedenbrück,SV Sandhausen,,
Wilhelmshaven,Borussia Dortmund,,
Wilhelmshaven,FC Augsburg,,
Wormatia Worms,1.FC Köln,,
Wormatia Worms,Hertha Berlin,,
Wormatia Worms,Werder Bremen,,
Wuppertaler SV,Vfl Bochum,,
ZFC Meuselwitz,Hertha Berlin,,
Zweibrücken,FSV Mainz 05,,
