year,round,stage,fixture_id,fixture_date,team_name,team_id,opponent_name,opponent_id,team_win,team_home,fixture_length,fixture_location,opponent_rank_prev,division,team_rank_prev,team_rank,rank_diff,const,team_better,team_max_stage,best_match,match_ratio,league,team_name_fin,team_size,mean_age,foreigners,mean_value,total_value,extra_time
2017,Final,6,44839,2018-04-22T16:00:00+00:00,AZ Alkmaar,201,Feyenoord,209,0.0,1,90.0,Stadion Feijenoord (Rotterdam),137.0,,137.0,3.0,0.0,1,1,6.0,AZ Alkmaar,1.0,Eredivisie,AZ Alkmaar,34,23.2,10,2.08,70.68,0
2017,Semi-finals,5,44841,2018-02-28T17:30:00+00:00,AZ Alkmaar,201,Twente,415,1.0,1,90.0,AFAS Stadion (Alkmaar),137.0,,137.0,3.0,0.0,1,1,6.0,AZ Alkmaar,1.0,Eredivisie,AZ Alkmaar,34,23.2,10,2.08,70.68,0
2017,Quarter-finals,4,44843,2018-01-31T19:45:00+00:00,PSV Eindhoven,197,Feyenoord,209,0.0,0,90.0,Stadion Feijenoord (Rotterdam),137.0,,137.0,1.0,0.0,1,1,4.0,PSV Eindhoven,1.0,Eredivisie,PSV Eindhoven,32,22.7,14,5.45,174.45,0
2017,Quarter-finals,4,44844,2018-01-31T17:30:00+00:00,AZ Alkmaar,201,PEC Zwolle,193,1.0,1,90.0,AFAS Stadion (Alkmaar),137.0,,137.0,3.0,0.0,1,1,6.0,AZ Alkmaar,1.0,Eredivisie,AZ Alkmaar,34,23.2,10,2.08,70.68,0
2017,Quarter-finals,4,44844,2018-01-31T17:30:00+00:00,PEC Zwolle,193,AZ Alkmaar,201,0.0,0,90.0,AFAS Stadion (Alkmaar),137.0,,137.0,5.0,0.0,1,1,4.0,PEC Zwolle,1.0,Eredivisie,PEC Zwolle,32,24.0,10,0.823,26.33,0
2017,8th Finals,3,44849,2017-12-20T18:45:00+00:00,Fortuna Sittard,205,AZ Alkmaar,201,0.0,1,90.0,Fortuna Sittard Stadion (Sittard),137.0,,137.0,21.0,0.0,1,1,3.0,Fortuna Sittard,1.0,Eerste_Divisie,Fortuna Sittard,33,21.2,17,0.241,7.95,0
2017,8th Finals,3,44849,2017-12-20T18:45:00+00:00,AZ Alkmaar,201,Fortuna Sittard,205,1.0,0,90.0,Fortuna Sittard Stadion (Sittard),137.0,,137.0,3.0,0.0,1,1,6.0,AZ Alkmaar,1.0,Eredivisie,AZ Alkmaar,34,23.2,10,2.08,70.68,0
2017,8th Finals,3,44850,2017-12-20T17:30:00+00:00,PSV Eindhoven,197,VVV Venlo,204,1.0,1,90.0,Philips Stadion (Eindhoven),137.0,,137.0,1.0,0.0,1,1,4.0,PSV Eindhoven,1.0,Eredivisie,PSV Eindhoven,32,22.7,14,5.45,174.45,0
2017,8th Finals,3,44850,2017-12-20T17:30:00+00:00,VVV Venlo,204,PSV Eindhoven,197,0.0,0,90.0,Philips Stadion (Eindhoven),137.0,,137.0,10.0,0.0,1,1,3.0,VVV-Venlo,0.8888888888888888,Eredivisie,VVV-Venlo,35,23.5,10,0.388,13.58,0
2017,8th Finals,3,44851,2017-12-19T19:45:00+00:00,Waalwijk,417,Willem II,195,0.0,0,90.0,Koning Willem II Stadion (Tilburg),137.0,,137.0,36.0,0.0,1,1,3.0,RKC Waalwijk,0.8,Eerste_Divisie,RKC Waalwijk,37,23.6,15,0.093,3.45,0
2017,8th Finals,3,44853,2017-12-19T17:30:00+00:00,PEC Zwolle,193,NEC Nijmegen,413,1.0,1,90.0,MAC³PARK Stadion (Zwolle),137.0,,137.0,5.0,0.0,1,1,4.0,PEC Zwolle,1.0,Eredivisie,PEC Zwolle,32,24.0,10,0.823,26.33,0
2017,8th Finals,3,44853,2017-12-19T17:30:00+00:00,NEC Nijmegen,413,PEC Zwolle,193,0.0,0,90.0,MAC³PARK Stadion (Zwolle),137.0,,137.0,19.0,0.0,1,1,3.0,NEC Nijmegen,1.0,Eerste_Divisie,NEC Nijmegen,32,23.2,13,0.41,13.13,0
2017,2nd Round,2,44854,2017-10-26T18:45:00+00:00,Almere City FC,419,AZ Alkmaar,201,0.0,1,90.0,Yanmar Stadion (Almere),137.0,,137.0,26.0,0.0,1,1,2.0,Almere City FC,1.0,Eerste_Divisie,Almere City FC,31,24.4,9,0.148,4.58,0
2017,2nd Round,2,44854,2017-10-26T18:45:00+00:00,AZ Alkmaar,201,Almere City FC,419,1.0,0,90.0,Yanmar Stadion (Almere),137.0,,137.0,3.0,0.0,1,1,6.0,AZ Alkmaar,1.0,Eredivisie,AZ Alkmaar,34,23.2,10,2.08,70.68,0
2017,2nd Round,2,44855,2017-10-26T16:30:00+00:00,FC Volendam,416,PSV Eindhoven,197,0.0,1,120.0,Kras Stadion (Volendam),137.0,,137.0,33.0,0.0,1,1,2.0,FC Volendam,1.0,Eerste_Divisie,FC Volendam,33,23.2,0,0.116,3.83,1
2017,2nd Round,2,44855,2017-10-26T16:30:00+00:00,PSV Eindhoven,197,FC Volendam,416,1.0,0,120.0,Kras Stadion (Volendam),137.0,,137.0,1.0,0.0,1,1,4.0,PSV Eindhoven,1.0,Eredivisie,PSV Eindhoven,32,22.7,14,5.45,174.45,1
2017,2nd Round,2,44857,2017-10-25T17:45:00+00:00,Groningen,202,Roda,414,0.0,0,90.0,Parkstad Limburg Stadion (Kerkrade),137.0,,137.0,13.0,0.0,1,1,2.0,FC Groningen,0.8571428571428572,Eredivisie,FC Groningen,31,23.0,13,0.977,30.3,0
2017,2nd Round,2,44858,2017-10-25T17:45:00+00:00,Heerenveen,210,Willem II,195,0.0,0,90.0,Koning Willem II Stadion (Tilburg),137.0,,137.0,9.0,0.0,1,1,2.0,SC Heerenveen,0.8695652173913043,Eredivisie,SC Heerenveen,26,24.2,12,1.5,39.13,0
2017,2nd Round,2,44861,2017-10-25T16:30:00+00:00,VVV Venlo,204,Utrecht,207,1.0,1,90.0,Seacon Stadion De Koel (Venlo),137.0,,137.0,10.0,0.0,1,1,3.0,VVV-Venlo,0.8888888888888888,Eredivisie,VVV-Venlo,35,23.5,10,0.388,13.58,0
2017,2nd Round,2,44861,2017-10-25T16:30:00+00:00,Utrecht,207,VVV Venlo,204,0.0,0,90.0,Seacon Stadion De Koel (Venlo),137.0,,137.0,6.0,0.0,1,1,2.0,FC Utrecht,0.8235294117647058,Eredivisie,FC Utrecht,36,24.6,17,1.3,46.63,0
2017,2nd Round,2,44862,2017-10-24T18:45:00+00:00,FC Eindhoven,422,Twente,415,0.0,0,90.0,De Grolsch Veste (Enschede),137.0,,137.0,31.0,0.0,1,1,2.0,FC Eindhoven,1.0,Eerste_Divisie,FC Eindhoven,35,22.3,17,0.114,4.0,0
2017,2nd Round,2,44864,2017-10-24T17:45:00+00:00,Fortuna Sittard,205,GO Ahead Eagles,410,1.0,1,90.0,Fortuna Sittard Stadion (Sittard),137.0,,137.0,21.0,0.0,1,1,3.0,Fortuna Sittard,1.0,Eerste_Divisie,Fortuna Sittard,33,21.2,17,0.241,7.95,0
2017,2nd Round,2,44864,2017-10-24T17:45:00+00:00,GO Ahead Eagles,410,Fortuna Sittard,205,0.0,0,90.0,Fortuna Sittard Stadion (Sittard),137.0,,137.0,34.0,0.0,1,1,2.0,Go Ahead Eagles,0.9333333333333333,Eerste_Divisie,Go Ahead Eagles,37,23.1,9,0.147,5.45,0
2017,2nd Round,2,44867,2017-10-24T17:45:00+00:00,PEC Zwolle,193,Kozakken Boys,1242,1.0,1,120.0,MAC³PARK Stadion (Zwolle),137.0,,137.0,5.0,0.0,1,1,4.0,PEC Zwolle,1.0,Eredivisie,PEC Zwolle,32,24.0,10,0.823,26.33,1
2017,2nd Round,2,44868,2017-10-24T17:45:00+00:00,Waalwijk,417,De Treffers,1277,1.0,1,90.0,Mandemakers Stadion (Waalwijk),137.0,,137.0,36.0,0.0,1,1,3.0,RKC Waalwijk,0.8,Eerste_Divisie,RKC Waalwijk,37,23.6,15,0.093,3.45,0
2017,2nd Round,2,44869,2017-10-24T16:30:00+00:00,NEC Nijmegen,413,Achilles 29,806,1.0,1,90.0,Goffertstadion (Nijmegen),137.0,,137.0,19.0,0.0,1,1,3.0,NEC Nijmegen,1.0,Eerste_Divisie,NEC Nijmegen,32,23.2,13,0.41,13.13,0
2017,1st Round,1,44871,2017-09-21T18:45:00+00:00,PSV Eindhoven,197,SDC Putten,1262,1.0,0,90.0,Sportpark De Putter Eng (Putten),137.0,,137.0,1.0,0.0,1,1,4.0,PSV Eindhoven,1.0,Eredivisie,PSV Eindhoven,32,22.7,14,5.45,174.45,0
2017,1st Round,1,44872,2017-09-21T17:45:00+00:00,VVV Venlo,204,Blauw Geel,1263,1.0,0,90.0,Prins Willem Alexander Sportpark (Veghel),137.0,,137.0,10.0,0.0,1,1,3.0,VVV-Venlo,0.8888888888888888,Eredivisie,VVV-Venlo,35,23.5,10,0.388,13.58,0
2017,1st Round,1,44873,2017-09-21T16:30:00+00:00,Groningen,202,Hercules,1264,1.0,0,90.0,Stadion Galgenwaard (Utrecht),137.0,,137.0,13.0,0.0,1,1,2.0,FC Groningen,0.8571428571428572,Eredivisie,FC Groningen,31,23.0,13,0.977,30.3,0
2017,1st Round,1,44874,2017-09-21T15:00:00+00:00,PEC Zwolle,193,Vv De Meern,1265,1.0,0,90.0,Sportpark De Meern (Utrecht),137.0,,137.0,5.0,0.0,1,1,4.0,PEC Zwolle,1.0,Eredivisie,PEC Zwolle,32,24.0,10,0.823,26.33,0
2017,1st Round,1,44875,2017-09-20T18:45:00+00:00,ADO Den Haag,198,Feyenoord,209,0.0,0,90.0,Stadion Feijenoord (Rotterdam),137.0,,137.0,8.0,0.0,1,1,1.0,ADO Den Haag,1.0,Eredivisie,ADO Den Haag,34,24.5,9,0.695,23.63,0
2017,1st Round,1,44877,2017-09-20T17:45:00+00:00,Utrecht,207,Ajax Amateurs,1266,1.0,0,90.0,Amsterdam ArenA (Amsterdam),137.0,,137.0,6.0,0.0,1,1,2.0,FC Utrecht,0.8235294117647058,Eredivisie,FC Utrecht,36,24.6,17,1.3,46.63,0
2017,1st Round,1,44880,2017-09-20T17:45:00+00:00,Heerenveen,210,Excelsior,196,1.0,0,90.0,Van Donge & De Roo Stadion (Rotterdam),137.0,,137.0,9.0,0.0,1,1,2.0,SC Heerenveen,0.8695652173913043,Eredivisie,SC Heerenveen,26,24.2,12,1.5,39.13,0
2017,1st Round,1,44884,2017-09-20T17:45:00+00:00,Telstar,427,Vvsb,1251,0.0,0,90.0,Sportpark De Boekhorst (Noordwijkerhout),137.0,,137.0,23.0,0.0,1,1,1.0,SC Telstar,0.8235294117647058,Eerste_Divisie,SC Telstar,30,23.6,11,0.161,4.83,0
2017,1st Round,1,44888,2017-09-19T18:45:00+00:00,AZ Alkmaar,201,MVV,412,1.0,0,90.0,De Geusselt (Maastricht),137.0,,137.0,3.0,0.0,1,1,6.0,AZ Alkmaar,1.0,Eredivisie,AZ Alkmaar,34,23.2,10,2.08,70.68,0
2017,1st Round,1,44889,2017-09-19T17:45:00+00:00,GO Ahead Eagles,410,Barendrecht,1271,1.0,0,90.0,Sportpark De Bongerd (Barendrecht),137.0,,137.0,34.0,0.0,1,1,2.0,Go Ahead Eagles,0.9333333333333333,Eerste_Divisie,Go Ahead Eagles,37,23.1,9,0.147,5.45,0
2017,1st Round,1,44890,2017-09-19T17:45:00+00:00,Emmen,208,NEC Nijmegen,413,0.0,1,90.0,JenS Vesting Stadion (Emmen),137.0,,137.0,22.0,0.0,1,1,1.0,FC Emmen,0.7692307692307692,Eerste_Divisie,FC Emmen,30,24.5,3,0.158,4.74,0
2017,1st Round,1,44890,2017-09-19T17:45:00+00:00,NEC Nijmegen,413,Emmen,208,1.0,0,90.0,JenS Vesting Stadion (Emmen),137.0,,137.0,19.0,0.0,1,1,3.0,NEC Nijmegen,1.0,Eerste_Divisie,NEC Nijmegen,32,23.2,13,0.41,13.13,0
2017,1st Round,1,44891,2017-09-19T17:45:00+00:00,Almere City FC,419,FC OSS,423,1.0,0,90.0,Frans Heesen Stadion (Oss),137.0,,137.0,26.0,0.0,1,1,2.0,Almere City FC,1.0,Eerste_Divisie,Almere City FC,31,24.4,9,0.148,4.58,0
2017,1st Round,1,44892,2017-09-19T17:45:00+00:00,Dordrecht,409,GVVV Veenendaal,1261,0.0,0,90.0,Sportpark Panhuis (GVVV) (Veenendaal),137.0,,137.0,29.0,0.0,1,1,1.0,FC Dordrecht,0.8571428571428572,Eerste_Divisie,FC Dordrecht,42,22.8,19,0.129,5.4,0
2017,1st Round,1,44893,2017-09-19T17:45:00+00:00,Helmond Sport,424,Cambuur,420,0.0,1,90.0,Lavans Stadion (Helmond),137.0,,137.0,37.0,0.0,1,1,1.0,Helmond Sport,1.0,Eerste_Divisie,Helmond Sport,33,23.4,5,0.1,3.3,0
2017,1st Round,1,44895,2017-09-19T17:45:00+00:00,Fortuna Sittard,205,Noordwijk,1247,1.0,0,90.0,Sportpark Duinwetering (Noordwijk),137.0,,137.0,21.0,0.0,1,1,3.0,Fortuna Sittard,1.0,Eerste_Divisie,Fortuna Sittard,33,21.2,17,0.241,7.95,0
2017,1st Round,1,44896,2017-09-19T17:45:00+00:00,FC Volendam,416,Quick Boys,1272,1.0,0,90.0,Sportpark Nieuw Zuid (Katwijk),137.0,,137.0,33.0,0.0,1,1,2.0,FC Volendam,1.0,Eerste_Divisie,FC Volendam,33,23.2,0,0.116,3.83,0
2017,1st Round,1,44899,2017-09-19T17:45:00+00:00,FC Eindhoven,422,Sparta Nijkerk,1274,1.0,0,90.0,Sportpark De Ebbenhorst (Nijkerk),137.0,,137.0,31.0,0.0,1,1,2.0,FC Eindhoven,1.0,Eerste_Divisie,FC Eindhoven,35,22.3,17,0.114,4.0,0
2017,1st Round,1,44900,2017-09-19T16:30:00+00:00,Waalwijk,417,Sparta Rotterdam,426,1.0,1,90.0,Mandemakers Stadion (Waalwijk),137.0,,137.0,36.0,0.0,1,1,3.0,RKC Waalwijk,0.8,Eerste_Divisie,RKC Waalwijk,37,23.6,15,0.093,3.45,0
2017,1st Round,1,44900,2017-09-19T16:30:00+00:00,Sparta Rotterdam,426,Waalwijk,417,0.0,0,90.0,Mandemakers Stadion (Waalwijk),137.0,,137.0,18.0,0.0,1,1,1.0,Sparta Rotterdam,1.0,Eredivisie,Sparta Rotterdam,41,23.9,23,0.377,15.45,0
2018,1st Round,1,44792,2018-09-27T17:45:00+00:00,Utrecht,207,MVV,412,1.0,1,90.0,Stadion Galgenwaard (Utrecht),32.0,1.0,6.0,6.0,26.0,1,1,3.0,FC Utrecht,0.8235294117647058,Eredivisie,FC Utrecht,35,24.5,18,1.3,45.33,0
2018,1st Round,1,44793,2018-09-27T16:30:00+00:00,Groningen,202,Twente,415,0.0,1,90.0,Hitachi Capital Mobility Stadium (Groningen),17.0,1.0,13.0,8.0,4.0,1,1,1.0,FC Groningen,0.8571428571428572,Eredivisie,FC Groningen,33,23.1,14,1.24,41.0,0
2018,1st Round,1,44794,2018-09-27T15:00:00+00:00,AZ Alkmaar,201,Alcides,1231,1.0,0,90.0,Sportpark Ezinge (Alcides) (Meppel),137.0,1.0,3.0,4.0,134.0,1,1,5.0,AZ Alkmaar,1.0,Eredivisie,AZ Alkmaar,39,23.2,13,1.73,67.5,0
2018,1st Round,1,44795,2018-09-27T15:00:00+00:00,Emmen,208,OFC Oostzaan,1232,1.0,0,90.0,Sportpark OFC (Oostzaan),137.0,2.0,22.0,14.0,115.0,1,1,2.0,FC Emmen,0.7692307692307692,Eredivisie,FC Emmen,38,25.2,9,0.359,13.63,0
2018,1st Round,1,44800,2018-09-26T17:45:00+00:00,Heerenveen,210,Katwijk,1237,1.0,0,120.0,Sportpark de Krom (Katwijk),39.0,1.0,9.0,11.0,30.0,1,1,4.0,SC Heerenveen,0.8695652173913043,Eredivisie,SC Heerenveen,32,23.3,16,1.52,48.63,1
2018,1st Round,1,44802,2018-09-26T17:45:00+00:00,PEC Zwolle,193,Staphorst,1239,1.0,0,90.0,Sportpark Het Noorderslag (Staphorst),137.0,1.0,5.0,13.0,132.0,1,1,3.0,PEC Zwolle,1.0,Eredivisie,PEC Zwolle,38,24.2,14,0.647,24.6,0
2018,1st Round,1,44803,2018-09-26T16:30:00+00:00,PSV Eindhoven,197,Excelsior,196,1.0,0,90.0,Sportpark Dijkpolder (Maassluis),12.0,1.0,1.0,2.0,11.0,1,1,2.0,PSV Eindhoven,1.0,Eredivisie,PSV Eindhoven,41,22.9,20,5.8,237.85,0
2018,1st Round,1,44804,2018-09-26T15:00:00+00:00,ADO Den Haag,198,OJC Rosmalen,1241,1.0,0,90.0,Complex Groote Wielen (Rosmalen),137.0,1.0,8.0,9.0,129.0,1,1,2.0,ADO Den Haag,1.0,Eredivisie,ADO Den Haag,33,24.9,10,0.639,21.1,0
2018,1st Round,1,44805,2018-09-25T18:45:00+00:00,NEC Nijmegen,413,Excelsior,196,1.0,0,120.0,Van Donge & De Roo Stadion (Rotterdam),12.0,2.0,19.0,27.0,-7.0,1,0,2.0,NEC Nijmegen,1.0,Eerste_Divisie,NEC Nijmegen,37,24.0,10,0.203,7.5,1
2018,1st Round,1,44807,2018-09-25T17:45:00+00:00,VVV Venlo,204,Westlandia,1243,1.0,0,90.0,Sportpark De Hoge Bomen (Naaldwijk),137.0,1.0,10.0,12.0,127.0,1,1,2.0,VVV-Venlo,0.8888888888888888,Eredivisie,VVV-Venlo,28,24.5,9,0.585,16.38,0
2018,1st Round,1,44808,2018-09-25T17:45:00+00:00,Almere City FC,419,Dordrecht,409,1.0,1,90.0,Yanmar Stadion (Almere),29.0,2.0,26.0,25.0,3.0,1,1,2.0,Almere City FC,1.0,Eerste_Divisie,Almere City FC,37,23.6,13,0.142,5.25,0
2018,1st Round,1,44808,2018-09-25T17:45:00+00:00,Dordrecht,409,Almere City FC,419,0.0,0,90.0,Yanmar Stadion (Almere),26.0,2.0,29.0,35.0,-3.0,1,0,1.0,FC Dordrecht,0.8571428571428572,Eerste_Divisie,FC Dordrecht,34,20.9,12,0.113,3.85,0
2018,1st Round,1,44811,2018-09-25T17:45:00+00:00,FC Volendam,416,Willem II,195,0.0,1,90.0,Kras Stadion (Volendam),14.0,2.0,33.0,34.0,-19.0,1,0,1.0,FC Volendam,1.0,Eerste_Divisie,FC Volendam,35,22.4,3,0.128,4.48,0
2018,1st Round,1,44812,2018-09-25T17:45:00+00:00,GO Ahead Eagles,410,FC Eindhoven,422,1.0,1,90.0,De Adelaarshorst (Deventer),31.0,2.0,34.0,23.0,-3.0,1,1,2.0,Go Ahead Eagles,0.9333333333333333,Eerste_Divisie,Go Ahead Eagles,33,23.8,3,0.169,5.58,0
2018,1st Round,1,44812,2018-09-25T17:45:00+00:00,FC Eindhoven,422,GO Ahead Eagles,410,0.0,0,90.0,De Adelaarshorst (Deventer),34.0,2.0,31.0,32.0,3.0,1,1,1.0,FC Eindhoven,1.0,Eerste_Divisie,FC Eindhoven,34,21.4,13,0.136,4.63,0
2018,1st Round,1,44813,2018-09-25T17:45:00+00:00,Helmond Sport,424,Fortuna Sittard,205,0.0,1,90.0,SolarUnie Stadion (Helmond),21.0,2.0,37.0,38.0,-16.0,1,0,1.0,Helmond Sport,1.0,Eerste_Divisie,Helmond Sport,29,23.0,5,0.134,3.88,0
2018,1st Round,1,44813,2018-09-25T17:45:00+00:00,Fortuna Sittard,205,Helmond Sport,424,1.0,0,90.0,SolarUnie Stadion (Helmond),37.0,2.0,21.0,15.0,16.0,1,1,4.0,Fortuna Sittard,1.0,Eredivisie,Fortuna Sittard,44,22.5,27,0.484,21.3,0
2018,1st Round,1,44816,2018-09-25T17:45:00+00:00,Sparta Rotterdam,426,Noordwijk,1247,0.0,0,90.0,Sportpark Duinwetering (Noordwijk),137.0,1.0,18.0,20.0,119.0,1,1,1.0,Sparta Rotterdam,1.0,Eerste_Divisie,Sparta Rotterdam,43,22.8,18,0.196,8.43,0
2018,1st Round,1,44821,2018-09-25T16:30:00+00:00,Waalwijk,417,NAC Breda,203,1.0,1,90.0,Mandemakers Stadion (Waalwijk),15.0,2.0,36.0,26.0,-21.0,1,0,3.0,RKC Waalwijk,0.8,Eerste_Divisie,RKC Waalwijk,30,24.4,9,0.153,4.58,0
2018,1st Round,1,44822,2018-09-25T15:00:00+00:00,AFC Amsterdam,1252,Telstar,427,1.0,1,90.0,Sportpark Goed Genoeg (Amsterdam),23.0,3.0,54.0,39.0,-31.0,1,0,3.0,Ajax Amsterdam,0.8148148148148149,Eredivisie,Ajax Amsterdam,39,23.0,21,12.9,503.15,0
2018,1st Round,1,44822,2018-09-25T15:00:00+00:00,Telstar,427,AFC Amsterdam,1252,0.0,0,90.0,Sportpark Goed Genoeg (Amsterdam),54.0,2.0,23.0,33.0,31.0,1,1,1.0,SC Telstar,0.8235294117647058,Eerste_Divisie,SC Telstar,30,23.5,10,0.151,4.53,0
2018,2nd Round,2,44823,2018-10-30T17:30:00+00:00,PSV Eindhoven,197,Waalwijk,417,0.0,1,120.0,Philips Stadion (Eindhoven),36.0,1.0,1.0,2.0,35.0,1,1,2.0,PSV Eindhoven,1.0,Eredivisie,PSV Eindhoven,41,22.9,20,5.8,237.85,1
2018,2nd Round,2,44823,2018-10-30T17:30:00+00:00,Waalwijk,417,PSV Eindhoven,197,1.0,0,120.0,Philips Stadion (Eindhoven),1.0,2.0,36.0,26.0,-35.0,1,0,3.0,RKC Waalwijk,0.8,Eerste_Divisie,RKC Waalwijk,30,24.4,9,0.153,4.58,1
2018,2nd Round,2,44824,2018-10-30T18:00:00+00:00,AFC Amsterdam,1252,FC OSS,423,1.0,1,90.0,Olympisch Stadion (Amsterdam),27.0,3.0,54.0,39.0,-27.0,1,0,3.0,Ajax Amsterdam,0.8148148148148149,Eredivisie,Ajax Amsterdam,39,23.0,21,12.9,503.15,0
2018,2nd Round,2,44826,2018-10-30T18:45:00+00:00,Almere City FC,419,Kozakken Boys,1242,0.0,0,90.0,Sportpark De Zwaaier (Werkendam),40.0,2.0,26.0,25.0,14.0,1,1,2.0,Almere City FC,1.0,Eerste_Divisie,Almere City FC,37,23.6,13,0.142,5.25,0
2018,2nd Round,2,44829,2018-10-30T19:45:00+00:00,PEC Zwolle,193,De Graafschap,199,1.0,0,90.0,Stadion De Vijverberg (Doetinchem),25.0,1.0,5.0,13.0,20.0,1,1,3.0,PEC Zwolle,1.0,Eredivisie,PEC Zwolle,38,24.2,14,0.647,24.6,0
2018,2nd Round,2,44831,2018-10-31T18:45:00+00:00,AZ Alkmaar,201,VVV Venlo,204,1.0,1,90.0,AFAS Stadion (Alkmaar),10.0,1.0,3.0,4.0,7.0,1,1,5.0,AZ Alkmaar,1.0,Eredivisie,AZ Alkmaar,39,23.2,13,1.73,67.5,0
2018,2nd Round,2,44831,2018-10-31T18:45:00+00:00,VVV Venlo,204,AZ Alkmaar,201,0.0,0,90.0,AFAS Stadion (Alkmaar),3.0,1.0,10.0,12.0,-7.0,1,0,2.0,VVV-Venlo,0.8888888888888888,Eredivisie,VVV-Venlo,28,24.5,9,0.585,16.38,0
2018,2nd Round,2,44832,2018-10-31T18:45:00+00:00,Emmen,208,HSV ODIN 59,1245,0.0,1,90.0,De Oude Meerdijk (Emmen),137.0,2.0,22.0,14.0,115.0,1,1,2.0,FC Emmen,0.7692307692307692,Eredivisie,FC Emmen,38,25.2,9,0.359,13.63,0
2018,2nd Round,2,44833,2018-10-31T18:45:00+00:00,Heerenveen,210,Groene Ster,1236,1.0,0,90.0,Sportpark Pronsenbroek (Heerlen),137.0,1.0,9.0,11.0,128.0,1,1,4.0,SC Heerenveen,0.8695652173913043,Eredivisie,SC Heerenveen,32,23.3,16,1.52,48.63,0
2018,2nd Round,2,44834,2018-10-31T18:45:00+00:00,Utrecht,207,ASWH,1254,1.0,1,90.0,Stadion Galgenwaard (Utrecht),137.0,1.0,6.0,6.0,131.0,1,1,3.0,FC Utrecht,0.8235294117647058,Eredivisie,FC Utrecht,35,24.5,18,1.3,45.33,0
2018,2nd Round,2,44836,2018-10-31T19:45:00+00:00,GO Ahead Eagles,410,Ajax,194,0.0,0,90.0,Johan Cruijff Arena (Amsterdam),2.0,2.0,34.0,23.0,-32.0,1,0,2.0,Go Ahead Eagles,0.9333333333333333,Eerste_Divisie,Go Ahead Eagles,33,23.8,3,0.169,5.58,0
2018,2nd Round,2,44837,2018-11-01T17:30:00+00:00,NEC Nijmegen,413,Fortuna Sittard,205,0.0,1,90.0,Goffertstadion (Nijmegen),21.0,2.0,19.0,27.0,2.0,1,0,2.0,NEC Nijmegen,1.0,Eerste_Divisie,NEC Nijmegen,37,24.0,10,0.203,7.5,0
2018,2nd Round,2,44837,2018-11-01T17:30:00+00:00,Fortuna Sittard,205,NEC Nijmegen,413,1.0,0,90.0,Goffertstadion (Nijmegen),19.0,2.0,21.0,15.0,-2.0,1,1,4.0,Fortuna Sittard,1.0,Eredivisie,Fortuna Sittard,44,22.5,27,0.484,21.3,0
2018,2nd Round,2,44838,2018-11-01T19:45:00+00:00,ADO Den Haag,198,Feyenoord,209,0.0,0,90.0,Stadion Feijenoord (Rotterdam),4.0,1.0,8.0,9.0,-4.0,1,0,2.0,ADO Den Haag,1.0,Eredivisie,ADO Den Haag,33,24.9,10,0.639,21.1,0
2018,8th Finals,3,55938,2018-12-18T17:30:00+00:00,AFC Amsterdam,1252,Willem II,195,0.0,0,90.0,Koning Willem II Stadion (Tilburg),14.0,3.0,54.0,39.0,-40.0,1,0,3.0,Ajax Amsterdam,0.8148148148148149,Eredivisie,Ajax Amsterdam,39,23.0,21,12.9,503.15,0
2018,8th Finals,3,55939,2018-12-18T18:45:00+00:00,Waalwijk,417,Twente,415,0.0,0,90.0,De Grolsch Veste (Enschede),17.0,2.0,36.0,26.0,-19.0,1,0,3.0,RKC Waalwijk,0.8,Eerste_Divisie,RKC Waalwijk,30,24.4,9,0.153,4.58,0
2018,8th Finals,3,55940,2018-12-18T19:45:00+00:00,AZ Alkmaar,201,PEC Zwolle,193,1.0,1,90.0,AFAS Stadion (Alkmaar),5.0,1.0,3.0,4.0,2.0,1,1,5.0,AZ Alkmaar,1.0,Eredivisie,AZ Alkmaar,39,23.2,13,1.73,67.5,0
2018,8th Finals,3,55940,2018-12-18T19:45:00+00:00,PEC Zwolle,193,AZ Alkmaar,201,0.0,0,90.0,AFAS Stadion (Alkmaar),3.0,1.0,5.0,13.0,-2.0,1,0,3.0,PEC Zwolle,1.0,Eredivisie,PEC Zwolle,38,24.2,14,0.647,24.6,0
2018,8th Finals,3,55941,2018-12-19T17:30:00+00:00,Heerenveen,210,HSV ODIN 59,1245,1.0,0,90.0,Rabobank IJmond Stadion (Velsen-Zuid),137.0,1.0,9.0,11.0,128.0,1,1,4.0,SC Heerenveen,0.8695652173913043,Eredivisie,SC Heerenveen,32,23.3,16,1.52,48.63,0
2018,8th Finals,3,55942,2018-12-19T18:45:00+00:00,Fortuna Sittard,205,Cambuur,420,1.0,1,90.0,Fortuna Sittard Stadion (Sittard),30.0,2.0,21.0,15.0,9.0,1,1,4.0,Fortuna Sittard,1.0,Eredivisie,Fortuna Sittard,44,22.5,27,0.484,21.3,0
2018,8th Finals,3,55945,2018-12-20T19:45:00+00:00,Utrecht,207,Feyenoord,209,0.0,0,90.0,Stadion Feijenoord (Rotterdam),4.0,1.0,6.0,6.0,-2.0,1,0,3.0,FC Utrecht,0.8235294117647058,Eredivisie,FC Utrecht,35,24.5,18,1.3,45.33,0
2018,Quarter-finals,4,69833,2019-01-22T19:45:00+00:00,AZ Alkmaar,201,Vitesse,200,1.0,1,90.0,AFAS Stadion (Alkmaar),7.0,1.0,3.0,4.0,4.0,1,1,5.0,AZ Alkmaar,1.0,Eredivisie,AZ Alkmaar,39,23.2,13,1.73,67.5,0
2018,Quarter-finals,4,69835,2019-01-23T19:45:00+00:00,Fortuna Sittard,205,Feyenoord,209,0.0,0,90.0,Stadion Feijenoord (Rotterdam),4.0,2.0,21.0,15.0,-17.0,1,0,4.0,Fortuna Sittard,1.0,Eredivisie,Fortuna Sittard,44,22.5,27,0.484,21.3,0
2018,Quarter-finals,4,69836,2019-01-24T19:45:00+00:00,Heerenveen,210,Ajax,194,0.0,0,90.0,Johan Cruijff Arena (Amsterdam),2.0,1.0,9.0,11.0,-7.0,1,0,4.0,SC Heerenveen,0.8695652173913043,Eredivisie,SC Heerenveen,32,23.3,16,1.52,48.63,0
2018,Semi-finals,5,77301,2019-02-28T19:45:00+00:00,AZ Alkmaar,201,Willem II,195,0.0,0,120.0,Koning Willem II Stadion (Tilburg),14.0,1.0,3.0,4.0,11.0,1,1,5.0,AZ Alkmaar,1.0,Eredivisie,AZ Alkmaar,39,23.2,13,1.73,67.5,1
2019,1st Round,1,242783,2019-10-30T18:45:00+00:00,Heerenveen,210,Excelsior,196,1.0,0,90.0,Sportpark Dijkpolder (Maassluis),16.0,1.0,11.0,10.0,5.0,1,1,4.0,SC Heerenveen,0.8695652173913043,Eredivisie,SC Heerenveen,29,22.9,16,0.922,26.75,0
2019,1st Round,1,242784,2019-10-29T18:45:00+00:00,Dordrecht,409,MVV,412,1.0,1,90.0,Riwal Hoogwerkers Stadion (Dordrecht),30.0,2.0,35.0,37.0,-5.0,1,0,2.0,FC Dordrecht,0.8571428571428572,Eerste_Divisie,FC Dordrecht,37,22.0,11,0.173,6.4,0
2019,1st Round,1,242785,2019-10-30T17:30:00+00:00,Waalwijk,417,Heracles,206,0.0,0,90.0,Stadion Erve Asito (Almelo),7.0,2.0,26.0,18.0,-19.0,1,0,1.0,RKC Waalwijk,0.8,Eredivisie,RKC Waalwijk,36,24.9,13,0.299,10.78,0
2019,1st Round,1,242787,2019-10-29T18:45:00+00:00,Telstar,427,Koninklijke HFC,1246,1.0,0,90.0,Sportpark Spanjaardslaan (Haarlem),42.0,2.0,33.0,28.0,9.0,1,1,2.0,SC Telstar,0.8235294117647058,Eerste_Divisie,SC Telstar,29,23.1,11,0.204,5.93,0
2019,1st Round,1,242788,2019-10-29T18:45:00+00:00,PEC Zwolle,193,Hoek,1276,1.0,0,90.0,Sportpark Denoek (Hoek),137.0,1.0,13.0,15.0,124.0,1,1,2.0,PEC Zwolle,1.0,Eredivisie,PEC Zwolle,37,23.9,15,0.446,16.5,0
2019,1st Round,1,242789,2019-10-29T18:45:00+00:00,Almere City FC,419,GO Ahead Eagles,410,0.0,1,90.0,Yanmar Stadion (Almere),23.0,2.0,25.0,27.0,-2.0,1,0,1.0,Almere City FC,1.0,Eerste_Divisie,Almere City FC,39,23.9,11,0.244,9.53,0
2019,1st Round,1,242789,2019-10-29T18:45:00+00:00,GO Ahead Eagles,410,Almere City FC,419,1.0,0,90.0,Yanmar Stadion (Almere),25.0,2.0,23.0,24.0,2.0,1,1,4.0,Go Ahead Eagles,0.9333333333333333,Eerste_Divisie,Go Ahead Eagles,32,24.1,9,0.234,7.48,0
2019,1st Round,1,242791,2019-10-31T19:45:00+00:00,Fortuna Sittard,205,ADO Den Haag,198,1.0,1,90.0,Fortuna Sittard Stadion (Sittard),9.0,1.0,15.0,16.0,-6.0,1,0,3.0,Fortuna Sittard,1.0,Eredivisie,Fortuna Sittard,33,22.4,24,0.396,13.08,0
2019,1st Round,1,242791,2019-10-31T19:45:00+00:00,ADO Den Haag,198,Fortuna Sittard,205,0.0,0,90.0,Fortuna Sittard Stadion (Sittard),15.0,1.0,9.0,17.0,6.0,1,0,1.0,ADO Den Haag,1.0,Eredivisie,ADO Den Haag,41,25.5,17,0.473,19.4,0
2019,1st Round,1,242792,2019-10-30T19:45:00+00:00,Sparta Rotterdam,426,FC Volendam,416,1.0,1,90.0,Sparta-Stadion Het Kasteel StadionVeld (Rotterdam),34.0,2.0,20.0,11.0,14.0,1,1,2.0,Sparta Rotterdam,1.0,Eredivisie,Sparta Rotterdam,30,24.3,13,0.517,15.5,0
2019,1st Round,1,242792,2019-10-30T19:45:00+00:00,FC Volendam,416,Sparta Rotterdam,426,0.0,0,90.0,Sparta-Stadion Het Kasteel StadionVeld (Rotterdam),20.0,2.0,34.0,21.0,-14.0,1,0,1.0,FC Volendam,1.0,Eerste_Divisie,FC Volendam,33,21.8,10,0.321,10.6,0
2019,1st Round,1,242793,2019-10-29T18:45:00+00:00,NEC Nijmegen,413,Excelsior,196,0.0,0,120.0,Van Donge & De Roo Stadion (Rotterdam),16.0,2.0,27.0,26.0,-11.0,1,0,1.0,NEC Nijmegen,1.0,Eerste_Divisie,NEC Nijmegen,30,23.1,7,0.441,13.23,1
2019,1st Round,1,242794,2019-10-29T19:45:00+00:00,Emmen,208,NAC Breda,203,0.0,0,90.0,Rat Verlegh Stadion (Breda),18.0,1.0,14.0,12.0,4.0,1,1,1.0,FC Emmen,0.7692307692307692,Eredivisie,FC Emmen,36,24.8,17,0.367,13.23,0
2019,1st Round,1,247656,2019-10-29T18:45:00+00:00,Helmond Sport,424,GVVV Veenendaal,1261,0.0,0,90.0,Sportpark Panhuis (GVVV) (Veenendaal),48.0,2.0,38.0,38.0,10.0,1,1,1.0,Helmond Sport,1.0,Eerste_Divisie,Helmond Sport,24,23.8,3,0.189,4.53,0
2019,1st Round,1,247658,2019-10-29T18:45:00+00:00,FC Eindhoven,422,Rijnsburgse Boys,1248,1.0,0,90.0,Sportpark Middelmors (Rijnsburg),51.0,2.0,32.0,31.0,19.0,1,1,3.0,FC Eindhoven,1.0,Eerste_Divisie,FC Eindhoven,38,21.9,13,0.157,5.95,0
2019,1st Round,1,247660,2019-10-30T18:45:00+00:00,VVV Venlo,204,Groene Ster,1236,0.0,0,120.0,Sportpark Pronsenbroek (Heerlen),137.0,1.0,12.0,13.0,125.0,1,1,1.0,VVV-Venlo,0.8888888888888888,Eredivisie,VVV-Venlo,32,24.7,16,0.376,12.03,1
2019,1st Round,1,247665,2019-10-30T18:45:00+00:00,AFC Amsterdam,1252,HSV ODIN 59,1245,0.0,1,120.0,Sportpark Goed Genoeg (Amsterdam),137.0,3.0,39.0,41.0,98.0,1,1,1.0,Ajax Amsterdam,0.8148148148148149,Eredivisie,Ajax Amsterdam,39,23.8,20,10.27,400.4,1
2019,1st Round,1,247666,2019-10-30T18:45:00+00:00,Groningen,202,Harkemase Boys,1258,1.0,0,90.0,Sportpark de Bosk (Harkema),137.0,1.0,8.0,9.0,129.0,1,1,2.0,FC Groningen,0.8571428571428572,Eredivisie,FC Groningen,37,22.2,15,0.822,30.4,0
2019,1st Round,1,247668,2019-10-31T17:30:00+00:00,Utrecht,207,Excelsior '31,6263,1.0,0,90.0,Sportpark De Koerbelt (Rijssen),137.0,1.0,6.0,6.0,131.0,1,1,6.0,FC Utrecht,0.8235294117647058,Eredivisie,FC Utrecht,42,24.0,20,1.16,48.58,0
2019,2nd Round,2,250173,2019-12-18T18:45:00+00:00,Dordrecht,409,Heracles,206,0.0,0,90.0,Polman Stadion,7.0,2.0,35.0,37.0,-28.0,1,0,2.0,FC Dordrecht,0.8571428571428572,Eerste_Divisie,FC Dordrecht,37,22.0,11,0.173,6.4,0
2019,2nd Round,2,250174,2019-12-18T17:30:00+00:00,Telstar,427,Ajax,194,0.0,1,90.0,Rabobank IJmond Stadion,1.0,2.0,33.0,28.0,-32.0,1,0,2.0,SC Telstar,0.8235294117647058,Eerste_Divisie,SC Telstar,29,23.1,11,0.204,5.93,0
2019,2nd Round,2,250175,2019-12-17T18:45:00+00:00,Heerenveen,210,Roda,414,1.0,1,90.0,Abe Lenstra Stadion (Heerenveen),31.0,1.0,11.0,10.0,20.0,1,1,4.0,SC Heerenveen,0.8695652173913043,Eredivisie,SC Heerenveen,29,22.9,16,0.922,26.75,0
2019,2nd Round,2,250179,2019-12-18T18:45:00+00:00,AZ Alkmaar,201,Groene Ster,1236,1.0,1,90.0,AFAS Stadion,137.0,1.0,4.0,2.0,133.0,1,1,4.0,AZ Alkmaar,1.0,Eredivisie,AZ Alkmaar,30,23.6,11,4.34,130.05,0
2019,2nd Round,2,250180,2019-12-18T18:45:00+00:00,Sparta Rotterdam,426,Willem II,195,0.0,0,90.0,Koning Willem II Stadion,10.0,2.0,20.0,11.0,-10.0,1,0,2.0,Sparta Rotterdam,1.0,Eredivisie,Sparta Rotterdam,30,24.3,13,0.517,15.5,0
2019,2nd Round,2,250181,2019-12-17T17:30:00+00:00,GO Ahead Eagles,410,Twente,415,1.0,0,90.0,De Grolsch Veste (Enschede),19.0,2.0,23.0,24.0,-4.0,1,0,4.0,Go Ahead Eagles,0.9333333333333333,Eerste_Divisie,Go Ahead Eagles,32,24.1,9,0.234,7.48,0
2019,2nd Round,2,250183,2019-12-19T17:30:00+00:00,Groningen,202,Utrecht,207,0.0,1,90.0,Hitachi Capital Mobility Stadium,6.0,1.0,8.0,9.0,-2.0,1,0,2.0,FC Groningen,0.8571428571428572,Eredivisie,FC Groningen,37,22.2,15,0.822,30.4,0
2019,2nd Round,2,250183,2019-12-19T17:30:00+00:00,Utrecht,207,Groningen,202,1.0,0,90.0,Hitachi Capital Mobility Stadium,8.0,1.0,6.0,6.0,2.0,1,1,6.0,FC Utrecht,0.8235294117647058,Eredivisie,FC Utrecht,42,24.0,20,1.16,48.58,0
2019,2nd Round,2,250184,2019-12-17T19:45:00+00:00,Fortuna Sittard,205,PEC Zwolle,193,1.0,1,90.0,Fortuna Sittard Stadion (Sittard),13.0,1.0,15.0,16.0,-2.0,1,0,3.0,Fortuna Sittard,1.0,Eredivisie,Fortuna Sittard,33,22.4,24,0.396,13.08,0
2019,2nd Round,2,250184,2019-12-17T19:45:00+00:00,PEC Zwolle,193,Fortuna Sittard,205,0.0,0,90.0,Fortuna Sittard Stadion (Sittard),15.0,1.0,13.0,15.0,2.0,1,0,2.0,PEC Zwolle,1.0,Eredivisie,PEC Zwolle,37,23.9,15,0.446,16.5,0
2019,2nd Round,2,250185,2019-12-18T19:45:00+00:00,PSV Eindhoven,197,GVVV Veenendaal,1261,1.0,0,120.0,Sportpark Panhuis,48.0,1.0,2.0,4.0,46.0,1,1,3.0,PSV Eindhoven,1.0,Eredivisie,PSV Eindhoven,41,24.0,19,5.36,219.58,1
2019,2nd Round,2,250186,2019-12-17T18:45:00+00:00,FC Eindhoven,422,Excelsior,196,1.0,0,90.0,Van Donge & De Roo Stadion (Rotterdam),16.0,2.0,32.0,31.0,-16.0,1,0,3.0,FC Eindhoven,1.0,Eerste_Divisie,FC Eindhoven,38,21.9,13,0.157,5.95,0
2019,8th Finals,3,296608,2020-01-28T19:00:00+00:00,Fortuna Sittard,205,Feyenoord,209,0.0,1,120.0,Fortuna Sittard Stadion,3.0,1.0,15.0,16.0,-12.0,1,0,3.0,Fortuna Sittard,1.0,Eredivisie,Fortuna Sittard,33,22.4,24,0.396,13.08,1
2019,8th Finals,3,296610,2020-01-21T19:45:00+00:00,FC Eindhoven,422,Utrecht,207,0.0,1,120.0,Jan Louwers Stadion,6.0,2.0,32.0,31.0,-26.0,1,0,3.0,FC Eindhoven,1.0,Eerste_Divisie,FC Eindhoven,38,21.9,13,0.157,5.95,1
2019,8th Finals,3,296610,2020-01-21T19:45:00+00:00,Utrecht,207,FC Eindhoven,422,1.0,0,120.0,Jan Louwers Stadion,32.0,1.0,6.0,6.0,26.0,1,1,6.0,FC Utrecht,0.8235294117647058,Eredivisie,FC Utrecht,42,24.0,20,1.16,48.58,1
2019,8th Finals,3,296612,2020-01-22T19:45:00+00:00,Heerenveen,210,Willem II,195,1.0,1,120.0,Abe Lenstra Stadion,10.0,1.0,11.0,10.0,-1.0,1,0,4.0,SC Heerenveen,0.8695652173913043,Eredivisie,SC Heerenveen,29,22.9,16,0.922,26.75,1
2019,8th Finals,3,296613,2020-01-23T17:30:00+00:00,GO Ahead Eagles,410,Ijsselmeervogels,1280,1.0,0,120.0,Sportpark De Westmaat,41.0,2.0,23.0,24.0,18.0,1,1,4.0,Go Ahead Eagles,0.9333333333333333,Eerste_Divisie,Go Ahead Eagles,32,24.1,9,0.234,7.48,1
2019,8th Finals,3,296614,2020-01-21T17:30:00+00:00,AZ Alkmaar,201,FC OSS,423,1.0,0,90.0,Frans Heesen Stadion,24.0,1.0,4.0,2.0,20.0,1,1,4.0,AZ Alkmaar,1.0,Eredivisie,AZ Alkmaar,30,23.6,11,4.34,130.05,0
2019,8th Finals,3,296615,2020-01-23T19:45:00+00:00,PSV Eindhoven,197,NAC Breda,203,0.0,0,90.0,Rat Verlegh Stadion,18.0,1.0,2.0,4.0,16.0,1,1,3.0,PSV Eindhoven,1.0,Eredivisie,PSV Eindhoven,41,24.0,19,5.36,219.58,0
2019,Quarter-finals,4,321043,2020-02-13T17:30:00+00:00,GO Ahead Eagles,410,Utrecht,207,0.0,1,90.0,De Adelaarshorst,6.0,2.0,23.0,24.0,-17.0,1,0,4.0,Go Ahead Eagles,0.9333333333333333,Eerste_Divisie,Go Ahead Eagles,32,24.1,9,0.234,7.48,0
2019,Quarter-finals,4,321043,2020-02-13T17:30:00+00:00,Utrecht,207,GO Ahead Eagles,410,1.0,0,90.0,De Adelaarshorst,23.0,1.0,6.0,6.0,17.0,1,1,6.0,FC Utrecht,0.8235294117647058,Eredivisie,FC Utrecht,42,24.0,20,1.16,48.58,0
2019,Quarter-finals,4,321045,2020-02-12T17:30:00+00:00,AZ Alkmaar,201,NAC Breda,203,0.0,1,90.0,AFAS Stadion,18.0,1.0,4.0,2.0,14.0,1,1,4.0,AZ Alkmaar,1.0,Eredivisie,AZ Alkmaar,30,23.6,11,4.34,130.05,0
2019,Quarter-finals,4,322970,2020-02-13T19:45:00+00:00,Heerenveen,210,Feyenoord,209,0.0,1,90.0,Abe Lenstra Stadion,3.0,1.0,11.0,10.0,-8.0,1,0,4.0,SC Heerenveen,0.8695652173913043,Eredivisie,SC Heerenveen,29,22.9,16,0.922,26.75,0
2019,Semi-finals,5,324109,2020-03-04T19:45:00+00:00,Utrecht,207,Ajax,194,1.0,1,90.0,Stadion Galgenwaard,1.0,1.0,6.0,6.0,-5.0,1,0,6.0,FC Utrecht,0.8235294117647058,Eredivisie,FC Utrecht,42,24.0,20,1.16,48.58,0
2019,Final,6,338401,2020-04-19T16:00:00+00:00,Utrecht,207,Feyenoord,209,,1,,Stadion Feijenoord (Rotterdam),3.0,1.0,6.0,6.0,-3.0,1,0,6.0,FC Utrecht,0.8235294117647058,Eredivisie,FC Utrecht,42,24.0,20,1.16,48.58,0
2020,1st Round,1,640165,2020-12-02T18:45:00+00:00,NEC Nijmegen,413,HV & CV Quick,3894,,0,,Sportpark Nieuw Hanenburg,137.0,2.0,26.0,25.0,111.0,1,1,4.0,NEC Nijmegen,1.0,Eerste_Divisie,NEC Nijmegen,29,22.9,9,0.298,8.65,0
2020,1st Round,1,640166,2020-10-26T17:45:00+00:00,Helmond Sport,424,Excelsior,196,0.0,0,90.0,Van Donge & De Roo Stadion,25.0,2.0,38.0,30.0,-13.0,1,0,1.0,Helmond Sport,1.0,Eerste_Divisie,Helmond Sport,26,22.8,7,0.169,4.4,0
2020,1st Round,1,640167,2020-10-27T18:45:00+00:00,VVV Venlo,204,Den Bosch,421,1.0,1,90.0,Covebo Stadion - De Koel -,29.0,1.0,13.0,17.0,16.0,1,1,5.0,VVV-Venlo,0.8888888888888888,Eredivisie,VVV-Venlo,33,25.2,18,0.416,13.73,0
2020,1st Round,1,640168,2020-10-28T18:45:00+00:00,Emmen,208,FC Eindhoven,422,1.0,1,90.0,De Oude Meerdijk,31.0,1.0,12.0,16.0,19.0,1,1,3.0,FC Emmen,0.7692307692307692,Eredivisie,FC Emmen,37,25.1,19,0.395,14.63,0
2020,1st Round,1,640168,2020-10-28T18:45:00+00:00,FC Eindhoven,422,Emmen,208,0.0,0,90.0,De Oude Meerdijk,12.0,2.0,31.0,33.0,-19.0,1,0,1.0,FC Eindhoven,1.0,Eerste_Divisie,FC Eindhoven,43,22.2,12,0.141,6.08,0
2020,1st Round,1,640169,2020-10-28T18:45:00+00:00,Telstar,427,Heracles,206,0.0,0,90.0,Stadion Erve Asito,8.0,2.0,28.0,31.0,-20.0,1,0,1.0,SC Telstar,0.8235294117647058,Eerste_Divisie,SC Telstar,40,22.2,11,0.147,5.88,0
2020,1st Round,1,640170,2020-10-27T18:45:00+00:00,Heerenveen,210,FC OSS,423,1.0,1,90.0,Abe Lenstra Stadion,34.0,1.0,10.0,12.0,24.0,1,1,5.0,SC Heerenveen,0.8695652173913043,Eredivisie,SC Heerenveen,34,23.0,16,0.91,30.95,0
2020,1st Round,1,640171,2020-10-28T20:00:00+00:00,Fortuna Sittard,205,Roda,414,1.0,0,90.0,Parkstad Limburg Stadion,35.0,1.0,16.0,11.0,19.0,1,1,3.0,Fortuna Sittard,1.0,Eredivisie,Fortuna Sittard,37,24.2,23,0.501,18.55,0
2020,1st Round,1,640172,2020-10-27T20:00:00+00:00,Dordrecht,409,Utrecht,207,0.0,1,90.0,Riwal Hoogwerkers Stadion,6.0,2.0,37.0,38.0,-31.0,1,0,1.0,FC Dordrecht,0.8571428571428572,Eerste_Divisie,FC Dordrecht,38,21.8,13,0.136,5.15,0
2020,1st Round,1,640172,2020-10-27T20:00:00+00:00,Utrecht,207,Dordrecht,409,1.0,0,90.0,Riwal Hoogwerkers Stadion,37.0,1.0,6.0,6.0,31.0,1,1,2.0,FC Utrecht,0.8235294117647058,Eredivisie,FC Utrecht,38,24.5,16,1.23,46.63,0
2020,1st Round,1,640173,2020-10-28T18:45:00+00:00,Waalwijk,417,Cambuur,420,0.0,1,120.0,Mandemakers Stadion,19.0,1.0,18.0,15.0,1.0,1,1,1.0,RKC Waalwijk,0.8,Eredivisie,RKC Waalwijk,31,24.8,19,0.375,11.63,1
2020,1st Round,1,640174,2020-10-28T17:45:00+00:00,ADO Den Haag,198,Sparta Rotterdam,426,1.0,1,120.0,Cars Jeans Stadion,11.0,1.0,17.0,18.0,-6.0,1,0,3.0,ADO Den Haag,1.0,Eredivisie,ADO Den Haag,43,24.5,17,0.372,15.98,1
2020,1st Round,1,640174,2020-10-28T17:45:00+00:00,Sparta Rotterdam,426,ADO Den Haag,198,0.0,0,120.0,Cars Jeans Stadion,17.0,1.0,11.0,8.0,6.0,1,1,1.0,Sparta Rotterdam,1.0,Eredivisie,Sparta Rotterdam,32,24.9,13,0.513,16.43,1
2020,1st Round,1,640176,2020-12-02T18:45:00+00:00,Groningen,202,TEC,1255,,0,,Sportpark De Lok,54.0,1.0,9.0,7.0,45.0,1,1,2.0,FC Groningen,0.8571428571428572,Eredivisie,FC Groningen,36,22.8,16,0.946,34.05,0
2020,1st Round,1,640177,2020-10-26T20:00:00+00:00,GO Ahead Eagles,410,NAC Breda,203,1.0,1,90.0,De Adelaarshorst,23.0,2.0,24.0,20.0,-1.0,1,1,3.0,Go Ahead Eagles,0.9333333333333333,Eerste_Divisie,Go Ahead Eagles,34,23.1,9,0.201,6.83,0
2020,1st Round,1,640178,2020-12-01T18:45:00+00:00,Almere City FC,419,SVV Scheveningen,1250,,0,,Sportpark Houtrust,53.0,2.0,27.0,22.0,26.0,1,1,2.0,Almere City FC,1.0,Eerste_Divisie,Almere City FC,38,23.3,17,0.222,8.45,0
2020,1st Round,1,640697,2020-12-02T18:45:00+00:00,AFC Amsterdam,1252,Capelle,1270,,0,,Sportpark 't Slot,137.0,3.0,41.0,39.0,96.0,1,1,1.0,Ajax Amsterdam,0.8148148148148149,Eredivisie,Ajax Amsterdam,40,23.1,17,10.7,428.1,0
2020,1st Round,1,640702,2020-12-01T18:45:00+00:00,FC Volendam,416,HSV ODIN 59,1245,,0,,Sportpark Assumburg,137.0,2.0,21.0,24.0,116.0,1,1,3.0,FC Volendam,1.0,Eerste_Divisie,FC Volendam,39,21.3,12,0.247,9.65,0
2020,1st Round,1,640705,2020-12-01T18:45:00+00:00,PEC Zwolle,193,Staphorst,1239,,0,,Sportpark Het Noorderslag,137.0,1.0,15.0,13.0,122.0,1,1,2.0,PEC Zwolle,1.0,Eredivisie,PEC Zwolle,34,23.6,16,0.519,17.65,0
2020,2nd Round,2,648115,2020-12-16T20:00:00+00:00,Utrecht,207,Ajax,194,0.0,0,90.0,Johan Cruijff Arena,1.0,1.0,6.0,6.0,-5.0,1,0,2.0,FC Utrecht,0.8235294117647058,Eredivisie,FC Utrecht,38,24.5,16,1.23,46.63,0
2020,2nd Round,2,648116,2020-12-16T15:30:00+00:00,Almere City FC,419,VVV Venlo,204,0.0,1,90.0,Yanmar Stadion,13.0,2.0,27.0,22.0,-14.0,1,0,2.0,Almere City FC,1.0,Eerste_Divisie,Almere City FC,38,23.3,17,0.222,8.45,0
2020,2nd Round,2,648116,2020-12-16T15:30:00+00:00,VVV Venlo,204,Almere City FC,419,1.0,0,90.0,Yanmar Stadion,27.0,1.0,13.0,17.0,14.0,1,1,5.0,VVV-Venlo,0.8888888888888888,Eredivisie,VVV-Venlo,33,25.2,18,0.416,13.73,0
2020,2nd Round,2,648117,2020-12-15T20:00:00+00:00,Emmen,208,Groningen,202,1.0,1,90.0,De Oude Meerdijk,9.0,1.0,12.0,16.0,-3.0,1,0,3.0,FC Emmen,0.7692307692307692,Eredivisie,FC Emmen,37,25.1,19,0.395,14.63,0
2020,2nd Round,2,648117,2020-12-15T20:00:00+00:00,Groningen,202,Emmen,208,0.0,0,90.0,De Oude Meerdijk,12.0,1.0,9.0,7.0,3.0,1,1,2.0,FC Groningen,0.8571428571428572,Eredivisie,FC Groningen,36,22.8,16,0.946,34.05,0
2020,2nd Round,2,648119,2020-12-16T17:45:00+00:00,PSV Eindhoven,197,De Graafschap,199,1.0,0,90.0,Stadion De Vijverberg,20.0,1.0,4.0,2.0,16.0,1,1,4.0,PSV Eindhoven,1.0,Eredivisie,PSV Eindhoven,41,23.0,26,4.99,204.58,0
2020,2nd Round,2,648120,2020-12-17T17:45:00+00:00,GO Ahead Eagles,410,Cambuur,420,1.0,0,90.0,Cambuurstadion,19.0,2.0,24.0,20.0,-5.0,1,0,3.0,Go Ahead Eagles,0.9333333333333333,Eerste_Divisie,Go Ahead Eagles,34,23.1,9,0.201,6.83,0
2020,2nd Round,2,648121,2020-12-15T17:45:00+00:00,PEC Zwolle,193,Excelsior,196,0.0,0,90.0,Van Donge & De Roo Stadion,25.0,1.0,15.0,13.0,10.0,1,1,2.0,PEC Zwolle,1.0,Eredivisie,PEC Zwolle,34,23.6,16,0.519,17.65,0
2020,Round of 16,3,653236,2021-01-19T20:00:00+00:00,FC Volendam,416,PSV Eindhoven,197,0.0,1,90.0,Kras Stadion,4.0,2.0,21.0,24.0,-17.0,1,0,3.0,FC Volendam,1.0,Eerste_Divisie,FC Volendam,39,21.3,12,0.247,9.65,0
2020,Round of 16,3,653236,2021-01-19T20:00:00+00:00,PSV Eindhoven,197,FC Volendam,416,1.0,0,90.0,Kras Stadion,21.0,1.0,4.0,2.0,17.0,1,1,4.0,PSV Eindhoven,1.0,Eredivisie,PSV Eindhoven,41,23.0,26,4.99,204.58,0
2020,Round of 16,3,653237,2021-01-19T17:45:00+00:00,ADO Den Haag,198,Vitesse,200,0.0,0,90.0,GelreDome,7.0,1.0,17.0,18.0,-10.0,1,0,3.0,ADO Den Haag,1.0,Eredivisie,ADO Den Haag,43,24.5,17,0.372,15.98,0
2020,Round of 16,3,653238,2021-01-20T20:00:00+00:00,AZ Alkmaar,201,Ajax,194,0.0,1,90.0,AFAS Stadion,1.0,1.0,2.0,3.0,-1.0,1,0,3.0,AZ Alkmaar,1.0,Eredivisie,AZ Alkmaar,42,23.3,12,3.23,135.53,0
2020,Round of 16,3,653239,2021-01-21T17:45:00+00:00,NEC Nijmegen,413,Fortuna Sittard,205,1.0,1,120.0,Goffertstadion,16.0,2.0,26.0,25.0,-10.0,1,0,4.0,NEC Nijmegen,1.0,Eerste_Divisie,NEC Nijmegen,29,22.9,9,0.298,8.65,1
2020,Round of 16,3,653239,2021-01-21T17:45:00+00:00,Fortuna Sittard,205,NEC Nijmegen,413,0.0,0,120.0,Goffertstadion,26.0,1.0,16.0,11.0,10.0,1,1,3.0,Fortuna Sittard,1.0,Eredivisie,Fortuna Sittard,37,24.2,23,0.501,18.55,1
2020,Round of 16,3,653242,2021-01-20T15:30:00+00:00,Emmen,208,Heerenveen,210,0.0,1,90.0,De Oude Meerdijk,10.0,1.0,12.0,16.0,-2.0,1,0,3.0,FC Emmen,0.7692307692307692,Eredivisie,FC Emmen,37,25.1,19,0.395,14.63,0
2020,Round of 16,3,653242,2021-01-20T15:30:00+00:00,Heerenveen,210,Emmen,208,1.0,0,90.0,De Oude Meerdijk,12.0,1.0,10.0,12.0,2.0,1,0,5.0,SC Heerenveen,0.8695652173913043,Eredivisie,SC Heerenveen,34,23.0,16,0.91,30.95,0
2020,Round of 16,3,653243,2021-01-21T20:00:00+00:00,VVV Venlo,204,GO Ahead Eagles,410,1.0,1,90.0,Covebo Stadion - De Koel -,24.0,1.0,13.0,17.0,11.0,1,1,5.0,VVV-Venlo,0.8888888888888888,Eredivisie,VVV-Venlo,33,25.2,18,0.416,13.73,0
2020,Round of 16,3,653243,2021-01-21T20:00:00+00:00,GO Ahead Eagles,410,VVV Venlo,204,0.0,0,90.0,Covebo Stadion - De Koel -,13.0,2.0,24.0,20.0,-11.0,1,0,3.0,Go Ahead Eagles,0.9333333333333333,Eerste_Divisie,Go Ahead Eagles,34,23.1,9,0.201,6.83,0
2020,Quarter-finals,4,658916,2021-02-10T19:00:00+00:00,PSV Eindhoven,197,Ajax,194,0.0,0,90.0,Johan Cruijff Arena,1.0,1.0,4.0,2.0,-3.0,1,0,4.0,PSV Eindhoven,1.0,Eredivisie,PSV Eindhoven,41,23.0,26,4.99,204.58,0
2020,Quarter-finals,4,658917,2021-02-17T15:30:00+00:00,NEC Nijmegen,413,VVV Venlo,204,0.0,1,120.0,Erve Asito,13.0,2.0,26.0,25.0,-13.0,1,0,4.0,NEC Nijmegen,1.0,Eerste_Divisie,NEC Nijmegen,29,22.9,9,0.298,8.65,1
2020,Quarter-finals,4,658917,2021-02-17T15:30:00+00:00,VVV Venlo,204,NEC Nijmegen,413,1.0,0,120.0,Erve Asito,26.0,1.0,13.0,17.0,13.0,1,1,5.0,VVV-Venlo,0.8888888888888888,Eredivisie,VVV-Venlo,33,25.2,18,0.416,13.73,1
2020,Quarter-finals,4,658918,2021-02-17T17:45:00+00:00,Heerenveen,210,Feyenoord,209,1.0,1,90.0,Abe Lenstra Stadion,3.0,1.0,10.0,12.0,-7.0,1,0,5.0,SC Heerenveen,0.8695652173913043,Eredivisie,SC Heerenveen,34,23.0,16,0.91,30.95,0
2020,Semi-finals,5,676963,2021-03-02T20:00:00+00:00,VVV Venlo,204,Vitesse,200,0.0,0,90.0,GelreDome,7.0,1.0,13.0,17.0,-6.0,1,0,5.0,VVV-Venlo,0.8888888888888888,Eredivisie,VVV-Venlo,33,25.2,18,0.416,13.73,0
2020,Semi-finals,5,676964,2021-03-03T20:00:00+00:00,Heerenveen,210,Ajax,194,0.0,1,90.0,Abe Lenstra Stadion,1.0,1.0,10.0,12.0,-9.0,1,0,5.0,SC Heerenveen,0.8695652173913043,Eredivisie,SC Heerenveen,34,23.0,16,0.91,30.95,0
2021,1st Round,1,800869,2021-10-26T19:00:00+00:00,VVV Venlo,204,NAC Breda,203,0.0,0,120.0,Rat Verlegh Stadion,23.0,1.0,17.0,28.0,6.0,1,0,1.0,VVV-Venlo,0.8888888888888888,Eerste_Divisie,VVV-Venlo,38,22.4,11,0.227,8.63,1
2021,1st Round,1,800870,2021-10-28T19:00:00+00:00,Waalwijk,417,Willem II,195,1.0,1,90.0,Mandemakers Stadion,14.0,1.0,15.0,10.0,-1.0,1,1,4.0,RKC Waalwijk,0.8,Eredivisie,RKC Waalwijk,29,25.5,17,0.412,11.95,0
2021,1st Round,1,800873,2021-10-26T18:00:00+00:00,Telstar,427,Kozakken Boys,1242,1.0,0,120.0,Sportpark De Zwaaier,45.0,2.0,31.0,37.0,14.0,1,1,3.0,SC Telstar,0.8235294117647058,Eerste_Divisie,SC Telstar,37,23.2,8,0.161,5.95,1
2021,1st Round,1,800874,2021-10-26T18:00:00+00:00,FC Volendam,416,Emmen,208,0.0,1,90.0,Kras Stadion,16.0,2.0,24.0,20.0,-8.0,1,0,1.0,FC Volendam,1.0,Eerste_Divisie,FC Volendam,46,21.9,15,0.328,15.1,0
2021,1st Round,1,800874,2021-10-26T18:00:00+00:00,Emmen,208,FC Volendam,416,1.0,0,90.0,Kras Stadion,24.0,1.0,16.0,19.0,8.0,1,1,2.0,FC Emmen,0.7692307692307692,Eerste_Divisie,FC Emmen,35,23.8,11,0.263,9.2,0
2021,1st Round,1,800875,2021-10-27T18:00:00+00:00,Almere City FC,419,GO Ahead Eagles,410,0.0,1,90.0,Yanmar Stadion,20.0,2.0,22.0,32.0,-2.0,1,0,1.0,Almere City FC,1.0,Eerste_Divisie,Almere City FC,39,23.8,12,0.205,8.0,0
2021,1st Round,1,800875,2021-10-27T18:00:00+00:00,GO Ahead Eagles,410,Almere City FC,419,1.0,0,90.0,Yanmar Stadion,22.0,2.0,20.0,13.0,2.0,1,1,5.0,Go Ahead Eagles,0.9333333333333333,Eredivisie,Go Ahead Eagles,35,23.9,15,0.369,12.93,0
2021,1st Round,1,800876,2021-10-26T18:00:00+00:00,ADO Den Haag,198,Sparta Nijkerk,1274,1.0,0,90.0,Sportpark De Ebbenhorst,137.0,1.0,18.0,22.0,119.0,1,1,3.0,ADO Den Haag,1.0,Eerste_Divisie,ADO Den Haag,45,23.6,12,0.219,9.88,0
2021,1st Round,1,800881,2021-10-27T18:00:00+00:00,NEC Nijmegen,413,Capelle,1270,1.0,0,90.0,Sportpark 't Slot,137.0,2.0,25.0,11.0,112.0,1,1,4.0,NEC Nijmegen,1.0,Eredivisie,NEC Nijmegen,31,24.4,15,0.46,14.28,0
2021,1st Round,1,800883,2021-10-26T18:00:00+00:00,Dordrecht,409,Spakenburg,1249,0.0,0,90.0,Sportpark De Westmaat,41.0,2.0,38.0,35.0,3.0,1,1,1.0,FC Dordrecht,0.8571428571428572,Eerste_Divisie,FC Dordrecht,35,22.3,12,0.164,5.73,0
2021,1st Round,1,800884,2021-10-27T18:00:00+00:00,AFC Amsterdam,1252,Heerenveen,210,0.0,1,90.0,Sportpark Goed Genoeg,12.0,3.0,39.0,44.0,-27.0,1,0,1.0,Ajax Amsterdam,0.8148148148148149,Eredivisie,Ajax Amsterdam,45,23.6,22,8.58,386.05,0
2021,1st Round,1,800884,2021-10-27T18:00:00+00:00,Heerenveen,210,AFC Amsterdam,1252,1.0,0,90.0,Sportpark Goed Genoeg,39.0,1.0,12.0,8.0,27.0,1,1,3.0,SC Heerenveen,0.8695652173913043,Eredivisie,SC Heerenveen,36,23.7,12,1.15,41.25,0
2021,1st Round,1,800885,2021-10-27T19:00:00+00:00,Groningen,202,Helmond Sport,424,1.0,1,90.0,Euroborg,30.0,1.0,7.0,12.0,23.0,1,1,3.0,FC Groningen,0.8571428571428572,Eredivisie,FC Groningen,36,22.9,19,1.2,43.35,0
2021,1st Round,1,800885,2021-10-27T19:00:00+00:00,Helmond Sport,424,Groningen,202,0.0,0,90.0,Euroborg,7.0,2.0,30.0,38.0,-23.0,1,0,1.0,Helmond Sport,1.0,Eerste_Divisie,Helmond Sport,28,22.1,15,0.186,5.2,0
2021,1st Round,1,800887,2021-10-27T18:00:00+00:00,Sparta Rotterdam,426,GVVV Veenendaal,1261,1.0,0,90.0,Sportpark Panhuis,50.0,1.0,8.0,14.0,42.0,1,1,2.0,Sparta Rotterdam,1.0,Eredivisie,Sparta Rotterdam,39,25.3,16,0.537,20.93,0
2021,1st Round,1,800889,2021-10-27T18:00:00+00:00,Fortuna Sittard,205,FC OSS,423,1.0,1,90.0,Fortuna Sittard Stadion,28.0,1.0,11.0,15.0,17.0,1,1,2.0,Fortuna Sittard,1.0,Eredivisie,Fortuna Sittard,38,24.8,24,0.476,18.08,0
2021,1st Round,1,800890,2021-10-26T16:45:00+00:00,Utrecht,207,SteDoCo,3905,1.0,0,90.0,Sportpark SteDoCo,137.0,1.0,6.0,7.0,131.0,1,1,2.0,FC Utrecht,0.8235294117647058,Eredivisie,FC Utrecht,43,24.2,15,1.08,46.6,0
2021,1st Round,1,800891,2021-10-26T18:00:00+00:00,PEC Zwolle,193,De Graafschap,199,1.0,1,90.0,MAC³PARK Stadion,21.0,1.0,13.0,18.0,8.0,1,1,3.0,PEC Zwolle,1.0,Eredivisie,PEC Zwolle,39,23.6,16,0.365,14.23,0
2021,1st Round,1,800895,2021-10-26T18:00:00+00:00,FC Eindhoven,422,DVS 33 Ermelo,1244,0.0,0,90.0,Sportpark Zuid DVS '33,137.0,2.0,33.0,21.0,104.0,1,1,1.0,FC Eindhoven,1.0,Eerste_Divisie,FC Eindhoven,28,23.0,9,0.222,6.23,0
2021,2nd Round,2,810044,2021-12-16T17:00:00+00:00,NEC Nijmegen,413,Cambuur,420,1.0,0,90.0,Cambuurstadion,19.0,2.0,25.0,11.0,-6.0,1,1,4.0,NEC Nijmegen,1.0,Eredivisie,NEC Nijmegen,31,24.4,15,0.46,14.28,0
2021,2nd Round,2,810046,2021-12-15T17:00:00+00:00,Waalwijk,417,Harkemase Boys,1258,1.0,0,90.0,Sportpark de Bosk,137.0,1.0,15.0,10.0,122.0,1,1,4.0,RKC Waalwijk,0.8,Eredivisie,RKC Waalwijk,29,25.5,17,0.412,11.95,0
2021,2nd Round,2,810048,2021-12-15T19:00:00+00:00,Groningen,202,Excelsior,196,1.0,0,120.0,Van Donge & De Roo Stadion,27.0,1.0,7.0,12.0,20.0,1,1,3.0,FC Groningen,0.8571428571428572,Eredivisie,FC Groningen,36,22.9,19,1.2,43.35,1
2021,2nd Round,2,810049,2021-12-15T20:00:00+00:00,GO Ahead Eagles,410,Roda,414,1.0,1,90.0,De Adelaarshorst,26.0,2.0,20.0,13.0,6.0,1,1,5.0,Go Ahead Eagles,0.9333333333333333,Eredivisie,Go Ahead Eagles,35,23.9,15,0.369,12.93,0
2021,2nd Round,2,810050,2021-12-14T19:00:00+00:00,Emmen,208,Excelsior Maassluis,17129,0.0,1,90.0,De Oude Meerdijk,52.0,1.0,16.0,19.0,36.0,1,1,2.0,FC Emmen,0.7692307692307692,Eerste_Divisie,FC Emmen,35,23.8,11,0.263,9.2,0
2021,2nd Round,2,810051,2021-12-15T20:00:00+00:00,PSV Eindhoven,197,Fortuna Sittard,205,1.0,1,90.0,Philips Stadion,11.0,1.0,2.0,2.0,9.0,1,1,6.0,PSV Eindhoven,1.0,Eredivisie,PSV Eindhoven,40,23.9,26,5.27,210.78,0
2021,2nd Round,2,810051,2021-12-15T20:00:00+00:00,Fortuna Sittard,205,PSV Eindhoven,197,0.0,0,90.0,Philips Stadion,2.0,1.0,11.0,15.0,-9.0,1,0,2.0,Fortuna Sittard,1.0,Eredivisie,Fortuna Sittard,38,24.8,24,0.476,18.08,0
2021,2nd Round,2,810052,2021-12-15T17:00:00+00:00,AZ Alkmaar,201,Heracles,206,1.0,1,90.0,AFAS Stadion,9.0,1.0,3.0,5.0,6.0,1,1,5.0,AZ Alkmaar,1.0,Eredivisie,AZ Alkmaar,38,22.6,13,2.61,99.23,0
2021,2nd Round,2,810053,2021-12-14T17:00:00+00:00,ADO Den Haag,198,Gemert,1230,1.0,1,90.0,Cars Jeans Stadion,137.0,1.0,18.0,22.0,119.0,1,1,3.0,ADO Den Haag,1.0,Eerste_Divisie,ADO Den Haag,45,23.6,12,0.219,9.88,0
2021,2nd Round,2,810054,2021-12-14T17:00:00+00:00,PEC Zwolle,193,MVV,412,1.0,1,90.0,MAC³PARK Stadion,29.0,1.0,13.0,18.0,16.0,1,1,3.0,PEC Zwolle,1.0,Eredivisie,PEC Zwolle,39,23.6,16,0.365,14.23,0
2021,2nd Round,2,810056,2021-12-14T20:00:00+00:00,Telstar,427,Spakenburg,1249,1.0,1,120.0,BUKO Stadion,41.0,2.0,31.0,37.0,10.0,1,1,3.0,SC Telstar,0.8235294117647058,Eerste_Divisie,SC Telstar,37,23.2,8,0.161,5.95,1
2021,2nd Round,2,810057,2021-12-14T20:00:00+00:00,Utrecht,207,NAC Breda,203,0.0,0,90.0,Rat Verlegh Stadion,23.0,1.0,6.0,7.0,17.0,1,1,2.0,FC Utrecht,0.8235294117647058,Eredivisie,FC Utrecht,43,24.2,15,1.08,46.6,0
2021,2nd Round,2,810058,2021-12-15T17:00:00+00:00,Sparta Rotterdam,426,Vitesse,200,0.0,0,90.0,GelreDome,4.0,1.0,8.0,14.0,-4.0,1,0,2.0,Sparta Rotterdam,1.0,Eredivisie,Sparta Rotterdam,39,25.3,16,0.537,20.93,0
2021,2nd Round,2,810059,2021-12-16T20:00:00+00:00,Heerenveen,210,De Treffers,1277,1.0,1,90.0,Abe Lenstra Stadion,56.0,1.0,12.0,8.0,44.0,1,1,3.0,SC Heerenveen,0.8695652173913043,Eredivisie,SC Heerenveen,36,23.7,12,1.15,41.25,0
2021,Round of 16,3,818071,2022-01-19T19:00:00+00:00,PEC Zwolle,193,NAC Breda,203,0.0,0,90.0,Rat Verlegh Stadion,23.0,1.0,13.0,18.0,10.0,1,1,3.0,PEC Zwolle,1.0,Eredivisie,PEC Zwolle,39,23.6,16,0.365,14.23,0
2021,Round of 16,3,818072,2022-01-19T20:00:00+00:00,AZ Alkmaar,201,Twente,415,1.0,0,90.0,De Grolsch Veste,10.0,1.0,3.0,5.0,7.0,1,1,5.0,AZ Alkmaar,1.0,Eredivisie,AZ Alkmaar,38,22.6,13,2.61,99.23,0
2021,Round of 16,3,818074,2022-01-18T17:45:00+00:00,Waalwijk,417,ADO Den Haag,198,1.0,1,120.0,Mandemakers Stadion,18.0,1.0,15.0,10.0,3.0,1,1,4.0,RKC Waalwijk,0.8,Eredivisie,RKC Waalwijk,29,25.5,17,0.412,11.95,1
2021,Round of 16,3,818074,2022-01-18T17:45:00+00:00,ADO Den Haag,198,Waalwijk,417,0.0,0,120.0,Mandemakers Stadion,15.0,1.0,18.0,22.0,-3.0,1,0,3.0,ADO Den Haag,1.0,Eerste_Divisie,ADO Den Haag,45,23.6,12,0.219,9.88,1
2021,Round of 16,3,818075,2022-01-20T17:45:00+00:00,PSV Eindhoven,197,Telstar,427,1.0,1,90.0,Philips Stadion,31.0,1.0,2.0,2.0,29.0,1,1,6.0,PSV Eindhoven,1.0,Eredivisie,PSV Eindhoven,40,23.9,26,5.27,210.78,0
2021,Round of 16,3,818075,2022-01-20T17:45:00+00:00,Telstar,427,PSV Eindhoven,197,0.0,0,90.0,Philips Stadion,2.0,2.0,31.0,37.0,-29.0,1,0,3.0,SC Telstar,0.8235294117647058,Eerste_Divisie,SC Telstar,37,23.2,8,0.161,5.95,0
2021,Round of 16,3,818076,2022-01-18T20:00:00+00:00,Heerenveen,210,GO Ahead Eagles,410,0.0,1,90.0,Abe Lenstra Stadion,20.0,1.0,12.0,8.0,8.0,1,1,3.0,SC Heerenveen,0.8695652173913043,Eredivisie,SC Heerenveen,36,23.7,12,1.15,41.25,0
2021,Round of 16,3,818076,2022-01-18T20:00:00+00:00,GO Ahead Eagles,410,Heerenveen,210,1.0,0,90.0,Abe Lenstra Stadion,12.0,2.0,20.0,13.0,-8.0,1,0,5.0,Go Ahead Eagles,0.9333333333333333,Eredivisie,Go Ahead Eagles,35,23.9,15,0.369,12.93,0
2021,Round of 16,3,818078,2022-01-19T17:45:00+00:00,Groningen,202,NEC Nijmegen,413,0.0,1,90.0,Euroborg,25.0,1.0,7.0,12.0,18.0,1,1,3.0,FC Groningen,0.8571428571428572,Eredivisie,FC Groningen,36,22.9,19,1.2,43.35,0
2021,Round of 16,3,818078,2022-01-19T17:45:00+00:00,NEC Nijmegen,413,Groningen,202,1.0,0,90.0,Euroborg,7.0,2.0,25.0,11.0,-18.0,1,0,4.0,NEC Nijmegen,1.0,Eredivisie,NEC Nijmegen,31,24.4,15,0.46,14.28,0
2021,Quarter-finals,4,828022,2022-02-08T18:00:00+00:00,PSV Eindhoven,197,NAC Breda,203,1.0,1,90.0,Philips Stadion,23.0,1.0,2.0,2.0,21.0,1,1,6.0,PSV Eindhoven,1.0,Eredivisie,PSV Eindhoven,40,23.9,26,5.27,210.78,0
2021,Quarter-finals,4,828023,2022-02-09T18:00:00+00:00,Waalwijk,417,AZ Alkmaar,201,0.0,1,90.0,Mandemakers Stadion,3.0,1.0,15.0,10.0,-12.0,1,0,4.0,RKC Waalwijk,0.8,Eredivisie,RKC Waalwijk,29,25.5,17,0.412,11.95,0
2021,Quarter-finals,4,828023,2022-02-09T18:00:00+00:00,AZ Alkmaar,201,Waalwijk,417,1.0,0,90.0,Mandemakers Stadion,15.0,1.0,3.0,5.0,12.0,1,1,5.0,AZ Alkmaar,1.0,Eredivisie,AZ Alkmaar,38,22.6,13,2.61,99.23,0
2021,Quarter-finals,4,828025,2022-02-10T18:00:00+00:00,NEC Nijmegen,413,GO Ahead Eagles,410,0.0,1,90.0,Goffertstadion,20.0,2.0,25.0,11.0,-5.0,1,1,4.0,NEC Nijmegen,1.0,Eredivisie,NEC Nijmegen,31,24.4,15,0.46,14.28,0
2021,Quarter-finals,4,828025,2022-02-10T18:00:00+00:00,GO Ahead Eagles,410,NEC Nijmegen,413,1.0,0,90.0,Goffertstadion,25.0,2.0,20.0,13.0,5.0,1,1,5.0,Go Ahead Eagles,0.9333333333333333,Eredivisie,Go Ahead Eagles,35,23.9,15,0.369,12.93,0
2021,Semi-finals,5,841811,2022-03-03T19:00:00+00:00,AZ Alkmaar,201,Ajax,194,0.0,1,90.0,AFAS Stadion,1.0,1.0,3.0,5.0,-2.0,1,0,5.0,AZ Alkmaar,1.0,Eredivisie,AZ Alkmaar,38,22.6,13,2.61,99.23,0
2021,Semi-finals,5,841812,2022-03-02T19:00:00+00:00,GO Ahead Eagles,410,PSV Eindhoven,197,0.0,1,90.0,De Adelaarshorst,2.0,2.0,20.0,13.0,-18.0,1,0,5.0,Go Ahead Eagles,0.9333333333333333,Eredivisie,Go Ahead Eagles,35,23.9,15,0.369,12.93,0
2021,Semi-finals,5,841812,2022-03-02T19:00:00+00:00,PSV Eindhoven,197,GO Ahead Eagles,410,1.0,0,90.0,De Adelaarshorst,20.0,1.0,2.0,2.0,18.0,1,1,6.0,PSV Eindhoven,1.0,Eredivisie,PSV Eindhoven,40,23.9,26,5.27,210.78,0
2021,Final,6,846633,2022-04-17T16:00:00+00:00,PSV Eindhoven,197,Ajax,194,1.0,1,90.0,Stadion Feijenoord,1.0,1.0,2.0,2.0,-1.0,1,0,6.0,PSV Eindhoven,1.0,Eredivisie,PSV Eindhoven,40,23.9,26,5.27,210.78,0
2022,1st Round,1,962546,2022-10-20T16:45:00+00:00,Utrecht,207,Sportlust '46,3904,1.0,0,90.0,Sportpark Cromwijck,137.0,1.0,7.0,7.0,130.0,1,1,4.0,FC Utrecht,0.8235294117647058,Eredivisie,FC Utrecht,42,24.5,19,1.34,56.2,0
2022,1st Round,1,962547,2022-10-19T16:45:00+00:00,Dordrecht,409,Groningen,202,0.0,1,90.0,Matchoholic Stadion,12.0,2.0,35.0,36.0,-23.0,1,0,1.0,FC Dordrecht,0.8571428571428572,Eerste_Divisie,FC Dordrecht,36,22.7,14,0.179,6.44,0
2022,1st Round,1,962547,2022-10-19T16:45:00+00:00,Groningen,202,Dordrecht,409,1.0,0,90.0,Matchoholic Stadion,35.0,1.0,12.0,18.0,23.0,1,1,2.0,FC Groningen,0.8571428571428572,Eredivisie,FC Groningen,45,23.0,23,1.08,48.78,0
2022,1st Round,1,962548,2022-10-18T18:00:00+00:00,Telstar,427,Koninklijke HFC,1246,1.0,0,90.0,Sportpark Spanjaardslaan,41.0,2.0,37.0,27.0,4.0,1,1,2.0,SC Telstar,0.8235294117647058,Eerste_Divisie,SC Telstar,31,24.0,6,0.161,5.0,0
2022,1st Round,1,962551,2022-10-20T19:00:00+00:00,PEC Zwolle,193,HHC,1278,1.0,0,90.0,Sportpark de Boshoek,40.0,1.0,18.0,20.0,22.0,1,1,2.0,PEC Zwolle,1.0,Eerste_Divisie,PEC Zwolle,37,24.1,11,0.347,12.83,0
2022,1st Round,1,962553,2022-10-19T18:00:00+00:00,Waalwijk,417,De Treffers,1277,0.0,0,90.0,Sportpark Zuid veld 1,53.0,1.0,10.0,9.0,43.0,1,1,1.0,RKC Waalwijk,0.8,Eredivisie,RKC Waalwijk,29,26.1,18,0.47,13.63,0
2022,1st Round,1,962557,2022-10-20T18:00:00+00:00,VVV Venlo,204,Dongen,1285,1.0,0,90.0,Sportpark De Biezen,137.0,2.0,28.0,25.0,109.0,1,1,2.0,VVV-Venlo,0.8888888888888888,Eerste_Divisie,VVV-Venlo,33,22.5,9,0.242,7.98,0
2022,1st Round,1,962558,2022-10-18T18:00:00+00:00,FC Volendam,416,Harkemase Boys,1258,1.0,0,90.0,Sportpark de Bosk,137.0,2.0,20.0,14.0,117.0,1,1,2.0,FC Volendam,1.0,Eredivisie,FC Volendam,34,22.5,13,0.513,17.43,0
2022,1st Round,1,962559,2022-10-18T18:00:00+00:00,Heerenveen,210,Hoek,1276,1.0,0,120.0,Sportpark Denoek,137.0,1.0,8.0,8.0,129.0,1,1,4.0,SC Heerenveen,0.8695652173913043,Eredivisie,SC Heerenveen,33,23.5,15,1.55,51.1,1
2022,1st Round,1,962561,2022-10-19T18:00:00+00:00,GO Ahead Eagles,410,Helmond Sport,424,1.0,1,90.0,De Adelaarshorst,38.0,1.0,13.0,11.0,25.0,1,1,3.0,Go Ahead Eagles,0.9333333333333333,Eredivisie,Go Ahead Eagles,34,23.4,14,0.474,16.1,0
2022,1st Round,1,962561,2022-10-19T18:00:00+00:00,Helmond Sport,424,GO Ahead Eagles,410,0.0,0,90.0,De Adelaarshorst,13.0,2.0,38.0,34.0,-25.0,1,0,1.0,Helmond Sport,1.0,Eerste_Divisie,Helmond Sport,31,23.4,15,0.21,6.5,0
2022,1st Round,1,962562,2022-10-20T18:00:00+00:00,Sparta Rotterdam,426,OFC Oostzaan,1232,1.0,0,90.0,Sportpark Purmersteijn,137.0,1.0,14.0,6.0,123.0,1,1,2.0,Sparta Rotterdam,1.0,Eredivisie,Sparta Rotterdam,37,24.8,15,0.91,33.68,0
2022,1st Round,1,962563,2022-10-19T18:00:00+00:00,Emmen,208,ADO '20,3886,1.0,0,120.0,Sportpark De Vlotter veld 1,137.0,2.0,19.0,16.0,118.0,1,1,3.0,FC Emmen,0.7692307692307692,Eredivisie,FC Emmen,39,25.1,16,0.378,14.73,1
2022,1st Round,1,962566,2022-10-18T18:00:00+00:00,ADO Den Haag,198,Excelsior '31,6263,1.0,0,90.0,Sportpark De Koerbelt,137.0,2.0,22.0,30.0,115.0,1,1,4.0,ADO Den Haag,1.0,Eerste_Divisie,ADO Den Haag,36,23.5,9,0.258,9.3,0
2022,1st Round,1,962568,2022-10-19T19:00:00+00:00,NEC Nijmegen,413,Fortuna Sittard,205,1.0,1,90.0,Goffertstadion,15.0,1.0,11.0,12.0,4.0,1,1,3.0,NEC Nijmegen,1.0,Eredivisie,NEC Nijmegen,28,24.4,11,0.857,24.0,0
2022,1st Round,1,962568,2022-10-19T19:00:00+00:00,Fortuna Sittard,205,NEC Nijmegen,413,0.0,0,90.0,Goffertstadion,11.0,1.0,15.0,13.0,-4.0,1,0,1.0,Fortuna Sittard,1.0,Eredivisie,Fortuna Sittard,34,25.2,24,0.747,25.4,0
2022,1st Round,1,962570,2022-10-18T18:00:00+00:00,Almere City FC,419,FC OSS,423,1.0,1,90.0,Yanmar Stadion,33.0,2.0,32.0,21.0,1.0,1,1,2.0,Almere City FC,1.0,Eerste_Divisie,Almere City FC,38,24.0,12,0.247,9.4,0
2022,1st Round,1,963834,2022-10-18T16:45:00+00:00,FC Eindhoven,422,Willem II,195,1.0,1,90.0,Jan Louwers Stadion,17.0,2.0,21.0,26.0,-4.0,1,0,2.0,FC Eindhoven,1.0,Eerste_Divisie,FC Eindhoven,29,23.4,15,0.266,7.7,0
2022,2nd Round,2,968098,2023-01-10T19:00:00+00:00,ADO Den Haag,198,Kozakken Boys,1242,1.0,0,90.0,Sportpark De Zwaaier,54.0,2.0,22.0,30.0,32.0,1,1,4.0,ADO Den Haag,1.0,Eerste_Divisie,ADO Den Haag,36,23.5,9,0.258,9.3,0
2022,2nd Round,2,968101,2023-01-11T19:00:00+00:00,VVV Venlo,204,Emmen,208,0.0,1,90.0,Covebo Stadion - De Koel -,19.0,2.0,28.0,25.0,-9.0,1,0,2.0,VVV-Venlo,0.8888888888888888,Eerste_Divisie,VVV-Venlo,33,22.5,9,0.242,7.98,0
2022,2nd Round,2,968101,2023-01-11T19:00:00+00:00,Emmen,208,VVV Venlo,204,1.0,0,90.0,Covebo Stadion - De Koel -,28.0,2.0,19.0,16.0,9.0,1,1,3.0,FC Emmen,0.7692307692307692,Eredivisie,FC Emmen,39,25.1,16,0.378,14.73,0
2022,2nd Round,2,968102,2023-01-12T19:00:00+00:00,Utrecht,207,Blauw Geel,1263,1.0,0,90.0,Prins Willem Alexander Sportpark,137.0,1.0,7.0,7.0,130.0,1,1,4.0,FC Utrecht,0.8235294117647058,Eredivisie,FC Utrecht,42,24.5,19,1.34,56.2,0
2022,2nd Round,2,968103,2023-01-12T19:00:00+00:00,Groningen,202,Spakenburg,1249,0.0,1,90.0,Euroborg,47.0,1.0,12.0,18.0,35.0,1,1,2.0,FC Groningen,0.8571428571428572,Eredivisie,FC Groningen,45,23.0,23,1.08,48.78,0
2022,2nd Round,2,968104,2023-01-11T19:00:00+00:00,Almere City FC,419,NEC Nijmegen,413,0.0,1,90.0,Yanmar Stadion,11.0,2.0,32.0,21.0,-21.0,1,0,2.0,Almere City FC,1.0,Eerste_Divisie,Almere City FC,38,24.0,12,0.247,9.4,0
2022,2nd Round,2,968104,2023-01-11T19:00:00+00:00,NEC Nijmegen,413,Almere City FC,419,1.0,0,90.0,Yanmar Stadion,32.0,1.0,11.0,12.0,21.0,1,1,3.0,NEC Nijmegen,1.0,Eredivisie,NEC Nijmegen,28,24.4,11,0.857,24.0,0
2022,2nd Round,2,968106,2023-01-12T17:45:00+00:00,GO Ahead Eagles,410,Heracles,206,1.0,0,90.0,Erve Asito,16.0,1.0,13.0,11.0,3.0,1,1,3.0,Go Ahead Eagles,0.9333333333333333,Eredivisie,Go Ahead Eagles,34,23.4,14,0.474,16.1,0
2022,2nd Round,2,968108,2023-01-11T17:45:00+00:00,AZ Alkmaar,201,Excelsior,196,1.0,0,90.0,Van Donge & De Roo Stadion,24.0,1.0,5.0,4.0,19.0,1,1,3.0,AZ Alkmaar,1.0,Eredivisie,AZ Alkmaar,38,23.3,15,3.58,135.93,0
2022,2nd Round,2,968109,2023-01-10T17:45:00+00:00,Telstar,427,Twente,415,0.0,0,90.0,De Grolsch Veste,4.0,2.0,37.0,27.0,-33.0,1,0,2.0,SC Telstar,0.8235294117647058,Eerste_Divisie,SC Telstar,31,24.0,6,0.161,5.0,0
2022,2nd Round,2,968110,2023-01-10T19:00:00+00:00,FC Eindhoven,422,NAC Breda,203,0.0,0,120.0,Rat Verlegh Stadion,26.0,2.0,21.0,26.0,5.0,1,0,2.0,FC Eindhoven,1.0,Eerste_Divisie,FC Eindhoven,29,23.4,15,0.266,7.7,1
2022,2nd Round,2,968111,2023-01-10T20:00:00+00:00,Sparta Rotterdam,426,PSV Eindhoven,197,0.0,1,90.0,Sparta-Stadion Het Kasteel,2.0,1.0,14.0,6.0,-12.0,1,0,2.0,Sparta Rotterdam,1.0,Eredivisie,Sparta Rotterdam,37,24.8,15,0.91,33.68,0
2022,2nd Round,2,968111,2023-01-10T20:00:00+00:00,PSV Eindhoven,197,Sparta Rotterdam,426,1.0,0,90.0,Sparta-Stadion Het Kasteel,14.0,1.0,2.0,2.0,12.0,1,1,6.0,PSV Eindhoven,1.0,Eredivisie,PSV Eindhoven,44,23.9,22,7.17,315.65,0
2022,2nd Round,2,968112,2023-01-12T20:00:00+00:00,PEC Zwolle,193,Feyenoord,209,0.0,0,90.0,Stadion Feijenoord,3.0,1.0,18.0,20.0,-15.0,1,0,2.0,PEC Zwolle,1.0,Eerste_Divisie,PEC Zwolle,37,24.1,11,0.347,12.83,0
2022,2nd Round,2,968113,2023-01-11T19:00:00+00:00,Heerenveen,210,FC Volendam,416,1.0,1,90.0,Abe Lenstra Stadion,20.0,1.0,8.0,8.0,12.0,1,1,4.0,SC Heerenveen,0.8695652173913043,Eredivisie,SC Heerenveen,33,23.5,15,1.55,51.1,0
2022,2nd Round,2,968113,2023-01-11T19:00:00+00:00,FC Volendam,416,Heerenveen,210,0.0,0,90.0,Abe Lenstra Stadion,8.0,2.0,20.0,14.0,-12.0,1,0,2.0,FC Volendam,1.0,Eredivisie,FC Volendam,34,22.5,13,0.513,17.43,0
2022,Round of 16,3,989518,2023-02-08T17:45:00+00:00,PSV Eindhoven,197,Emmen,208,1.0,1,90.0,Philips Stadion,19.0,1.0,2.0,2.0,17.0,1,1,6.0,PSV Eindhoven,1.0,Eredivisie,PSV Eindhoven,44,23.9,22,7.17,315.65,0
2022,Round of 16,3,989518,2023-02-08T17:45:00+00:00,Emmen,208,PSV Eindhoven,197,0.0,0,90.0,Philips Stadion,2.0,2.0,19.0,16.0,-17.0,1,0,3.0,FC Emmen,0.7692307692307692,Eredivisie,FC Emmen,39,25.1,16,0.378,14.73,0
2022,Round of 16,3,989519,2023-02-07T20:00:00+00:00,Heerenveen,210,NAC Breda,203,1.0,0,90.0,Rat Verlegh Stadion,26.0,1.0,8.0,8.0,18.0,1,1,4.0,SC Heerenveen,0.8695652173913043,Eredivisie,SC Heerenveen,33,23.5,15,1.55,51.1,0
2022,Round of 16,3,989521,2023-02-08T20:00:00+00:00,NEC Nijmegen,413,Feyenoord,209,0.0,0,120.0,Stadion Feijenoord,3.0,1.0,11.0,12.0,-8.0,1,0,3.0,NEC Nijmegen,1.0,Eredivisie,NEC Nijmegen,28,24.4,11,0.857,24.0,1
2022,Round of 16,3,989522,2023-02-09T20:00:00+00:00,ADO Den Haag,198,GO Ahead Eagles,410,1.0,1,90.0,Bingoal Stadion,13.0,2.0,22.0,30.0,-9.0,1,0,4.0,ADO Den Haag,1.0,Eerste_Divisie,ADO Den Haag,36,23.5,9,0.258,9.3,0
2022,Round of 16,3,989522,2023-02-09T20:00:00+00:00,GO Ahead Eagles,410,ADO Den Haag,198,0.0,0,90.0,Bingoal Stadion,22.0,1.0,13.0,11.0,9.0,1,1,3.0,Go Ahead Eagles,0.9333333333333333,Eredivisie,Go Ahead Eagles,34,23.4,14,0.474,16.1,0
2022,Round of 16,3,989524,2023-02-07T17:45:00+00:00,AZ Alkmaar,201,Utrecht,207,0.0,1,120.0,AFAS Stadion,7.0,1.0,5.0,4.0,2.0,1,1,3.0,AZ Alkmaar,1.0,Eredivisie,AZ Alkmaar,38,23.3,15,3.58,135.93,1
2022,Round of 16,3,989524,2023-02-07T17:45:00+00:00,Utrecht,207,AZ Alkmaar,201,1.0,0,120.0,AFAS Stadion,5.0,1.0,7.0,7.0,-2.0,1,0,4.0,FC Utrecht,0.8235294117647058,Eredivisie,FC Utrecht,42,24.5,19,1.34,56.2,1
2022,Quarter-finals,4,1004767,2023-03-01T19:00:00+00:00,Heerenveen,210,Feyenoord,209,0.0,1,90.0,Abe Lenstra Stadion,3.0,1.0,8.0,8.0,-5.0,1,0,4.0,SC Heerenveen,0.8695652173913043,Eredivisie,SC Heerenveen,33,23.5,15,1.55,51.1,0
2022,Quarter-finals,4,1004769,2023-03-02T17:45:00+00:00,PSV Eindhoven,197,ADO Den Haag,198,1.0,1,90.0,Philips Stadion,22.0,1.0,2.0,2.0,20.0,1,1,6.0,PSV Eindhoven,1.0,Eredivisie,PSV Eindhoven,44,23.9,22,7.17,315.65,0
2022,Quarter-finals,4,1004769,2023-03-02T17:45:00+00:00,ADO Den Haag,198,PSV Eindhoven,197,0.0,0,90.0,Philips Stadion,2.0,2.0,22.0,30.0,-20.0,1,0,4.0,ADO Den Haag,1.0,Eerste_Divisie,ADO Den Haag,36,23.5,9,0.258,9.3,0
2022,Quarter-finals,4,1004770,2023-02-28T19:00:00+00:00,Utrecht,207,Spakenburg,1249,0.0,1,90.0,Stadion Galgenwaard,47.0,1.0,7.0,7.0,40.0,1,1,4.0,FC Utrecht,0.8235294117647058,Eredivisie,FC Utrecht,42,24.5,19,1.34,56.2,0
2022,Semi-finals,5,1012127,2023-04-04T18:00:00+00:00,PSV Eindhoven,197,Spakenburg,1249,1.0,0,90.0,Sportpark De Westmaat,47.0,1.0,2.0,2.0,45.0,1,1,6.0,PSV Eindhoven,1.0,Eredivisie,PSV Eindhoven,44,23.9,22,7.17,315.65,0
2022,Final,6,1020792,2023-04-30T16:00:00+00:00,PSV Eindhoven,197,Ajax,194,1.0,0,120.0,Stadion Feijenoord,1.0,1.0,2.0,2.0,-1.0,1,0,6.0,PSV Eindhoven,1.0,Eredivisie,PSV Eindhoven,44,23.9,22,7.17,315.65,1
