year,round,stage,fixture_id,fixture_date,team_name,team_id,opponent_name,opponent_id,team_win,team_home,fixture_length,fixture_location
2011,Quarter-finals,3,559998,2012-02-07T19:30:00+00:00,Holstein Kiel,191,Borussia Dortmund,165,0,home,90,Holstein-Stadion
2011,Quarter-finals,3,559998,2012-02-07T19:30:00+00:00,Borussia Dortmund,165,Holstein Kiel,191,1,away,90,Holstein-Stadion
2011,Quarter-finals,3,559999,2012-02-08T18:00:00+00:00,1899 Hoffenheim,167,SpVgg Greuther Furth,178,0,home,90,Wirsol Rhein-Neckar-Arena
2011,Quarter-finals,3,559999,2012-02-08T18:00:00+00:00,SpVgg Greuther Furth,178,1899 Hoffenheim,167,1,away,90,Wirsol Rhein-Neckar-Arena
2011,Quarter-finals,3,560000,2012-02-08T18:00:00+00:00,Hertha Berlin,159,Borussia Monchengladbach,163,0,home,120,Olympiastadion Berlin
2011,Quarter-finals,3,560000,2012-02-08T18:00:00+00:00,Borussia Monchengladbach,163,Hertha Berlin,159,1,away,120,Olympiastadion Berlin
2011,Quarter-finals,3,560001,2012-02-08T19:30:00+00:00,VfB Stuttgart,172,Bayern Munich,157,0,home,90,Mercedes-Benz-Arena
2011,Quarter-finals,3,560001,2012-02-08T19:30:00+00:00,Bayern Munich,157,VfB Stuttgart,172,1,away,90,Mercedes-Benz-Arena
2011,Semi-finals,2,560002,2012-03-20T19:30:00+00:00,SpVgg Greuther Furth,178,Borussia Dortmund,165,0,home,120,Trolli ARENA
2011,Semi-finals,2,560002,2012-03-20T19:30:00+00:00,Borussia Dortmund,165,SpVgg Greuther Furth,178,1,away,120,Trolli ARENA
2011,Semi-finals,2,560003,2012-03-21T19:30:00+00:00,Borussia Monchengladbach,163,Bayern Munich,157,0,home,120,Stadion im BORUSSIA-PARK
2011,Semi-finals,2,560003,2012-03-21T19:30:00+00:00,Bayern Munich,157,Borussia Monchengladbach,163,1,away,120,Stadion im BORUSSIA-PARK
2011,Final,1,560004,2012-05-12T18:00:00+00:00,Borussia Dortmund,165,Bayern Munich,157,1,home,90,Olympiastadion Berlin
2011,Final,1,560004,2012-05-12T18:00:00+00:00,Bayern Munich,157,Borussia Dortmund,165,0,away,90,Olympiastadion Berlin
2011,3rd Round,4,560005,2011-12-20T18:00:00+00:00,Vfl Bochum,176,Bayern Munich,157,0,home,90,rewirpowerSTADION
2011,3rd Round,4,560005,2011-12-20T18:00:00+00:00,Bayern Munich,157,Vfl Bochum,176,1,away,90,rewirpowerSTADION
2011,3rd Round,4,560006,2011-12-20T18:00:00+00:00,FC Nurnberg,171,SpVgg Greuther Furth,178,0,home,90,easyCredit-Stadion
2011,3rd Round,4,560006,2011-12-20T18:00:00+00:00,SpVgg Greuther Furth,178,FC Nurnberg,171,1,away,90,easyCredit-Stadion
2011,3rd Round,4,560007,2011-12-20T19:30:00+00:00,1899 Hoffenheim,167,FC Augsburg,170,1,home,90,Wirsol Rhein-Neckar-Arena
2011,3rd Round,4,560007,2011-12-20T19:30:00+00:00,FC Augsburg,170,1899 Hoffenheim,167,0,away,90,Wirsol Rhein-Neckar-Arena
2011,3rd Round,4,560008,2011-12-20T19:30:00+00:00,Fortuna Dusseldorf,158,Borussia Dortmund,165,0,home,120,ESPRIT arena
2011,3rd Round,4,560008,2011-12-20T19:30:00+00:00,Borussia Dortmund,165,Fortuna Dusseldorf,158,1,away,120,ESPRIT arena
2011,3rd Round,4,560009,2011-12-21T18:00:00+00:00,Hertha Berlin,159,FC Kaiserslautern,745,1,home,90,Olympiastadion Berlin
2011,3rd Round,4,560009,2011-12-21T18:00:00+00:00,FC Kaiserslautern,745,Hertha Berlin,159,0,away,90,Olympiastadion Berlin
2011,3rd Round,4,560010,2011-12-21T18:00:00+00:00,Holstein Kiel,191,FSV Mainz 05,164,1,home,90,Holstein-Stadion
2011,3rd Round,4,560010,2011-12-21T18:00:00+00:00,FSV Mainz 05,164,Holstein Kiel,191,0,away,90,Holstein-Stadion
2011,3rd Round,4,560011,2011-12-21T19:30:00+00:00,VfB Stuttgart,172,Hamburger SV,175,1,home,90,Mercedes-Benz-Arena
2011,3rd Round,4,560011,2011-12-21T19:30:00+00:00,Hamburger SV,175,VfB Stuttgart,172,0,away,90,Mercedes-Benz-Arena
2011,3rd Round,4,560012,2011-12-21T19:30:00+00:00,Borussia Monchengladbach,163,FC Schalke 04,174,1,home,90,Stadion im BORUSSIA-PARK
2011,3rd Round,4,560012,2011-12-21T19:30:00+00:00,FC Schalke 04,174,Borussia Monchengladbach,163,0,away,90,Stadion im BORUSSIA-PARK
2012,8th Finals,4,559935,2012-12-18T18:00:00+00:00,Karlsruher SC,785,SC Freiburg,160,0,home,90,Wildparkstadion
2012,8th Finals,4,559935,2012-12-18T18:00:00+00:00,SC Freiburg,160,Karlsruher SC,785,1,away,90,Wildparkstadion
2012,8th Finals,4,559936,2012-12-18T18:00:00+00:00,FC Schalke 04,174,FSV Mainz 05,164,0,home,90,Veltins-Arena
2012,8th Finals,4,559936,2012-12-18T18:00:00+00:00,FSV Mainz 05,164,FC Schalke 04,174,1,away,90,Veltins-Arena
2012,8th Finals,4,559937,2012-12-18T19:30:00+00:00,Kickers Offenbach,1628,Fortuna Dusseldorf,158,1,home,90,Sparda-Bank-Hessen-Stadion
2012,8th Finals,4,559937,2012-12-18T19:30:00+00:00,Fortuna Dusseldorf,158,Kickers Offenbach,1628,0,away,90,Sparda-Bank-Hessen-Stadion
2012,8th Finals,4,559938,2012-12-18T19:30:00+00:00,FC Augsburg,170,Bayern Munich,157,0,home,90,SGL Arena
2012,8th Finals,4,559938,2012-12-18T19:30:00+00:00,Bayern Munich,157,FC Augsburg,170,1,away,90,SGL Arena
2012,8th Finals,4,559939,2012-12-19T18:00:00+00:00,VfL Wolfsburg,161,Bayer Leverkusen,168,1,home,90,VOLKSWAGEN ARENA
2012,8th Finals,4,559939,2012-12-19T18:00:00+00:00,Bayer Leverkusen,168,VfL Wolfsburg,161,0,away,90,VOLKSWAGEN ARENA
2012,8th Finals,4,559940,2012-12-19T18:00:00+00:00,Vfl Bochum,176,TSV 1860 Munich,786,1,home,90,rewirpowerSTADION
2012,8th Finals,4,559940,2012-12-19T18:00:00+00:00,TSV 1860 Munich,786,Vfl Bochum,176,0,away,90,rewirpowerSTADION
2012,8th Finals,4,559941,2012-12-19T19:30:00+00:00,Borussia Dortmund,165,Hannover 96,166,1,home,90,Signal-Iduna-Park
2012,8th Finals,4,559941,2012-12-19T19:30:00+00:00,Hannover 96,166,Borussia Dortmund,165,0,away,90,Signal-Iduna-Park
2012,8th Finals,4,559942,2012-12-19T19:30:00+00:00,VfB Stuttgart,172,1.FC Köln,192,1,home,90,Mercedes-Benz-Arena
2012,8th Finals,4,559942,2012-12-19T19:30:00+00:00,1.FC Köln,192,VfB Stuttgart,172,0,away,90,Mercedes-Benz-Arena
2012,Quarter-finals,3,559943,2013-02-26T18:00:00+00:00,FSV Mainz 05,164,SC Freiburg,160,0,home,120,Coface Arena
2012,Quarter-finals,3,559943,2013-02-26T18:00:00+00:00,SC Freiburg,160,FSV Mainz 05,164,1,away,120,Coface Arena
2012,Quarter-finals,3,559944,2013-02-26T19:30:00+00:00,Kickers Offenbach,1628,VfL Wolfsburg,161,0,home,90,Sparda-Bank-Hessen-Stadion
2012,Quarter-finals,3,559944,2013-02-26T19:30:00+00:00,VfL Wolfsburg,161,Kickers Offenbach,1628,1,away,90,Sparda-Bank-Hessen-Stadion
2012,Quarter-finals,3,559945,2013-02-27T18:00:00+00:00,VfB Stuttgart,172,Vfl Bochum,176,1,home,90,Mercedes-Benz-Arena
2012,Quarter-finals,3,559945,2013-02-27T18:00:00+00:00,Vfl Bochum,176,VfB Stuttgart,172,0,away,90,Mercedes-Benz-Arena
2012,Quarter-finals,3,559946,2013-02-27T19:30:00+00:00,Bayern Munich,157,Borussia Dortmund,165,1,home,90,Allianz-Arena
2012,Quarter-finals,3,559946,2013-02-27T19:30:00+00:00,Borussia Dortmund,165,Bayern Munich,157,0,away,90,Allianz-Arena
2012,Semi-finals,2,559947,2013-04-16T18:30:00+00:00,Bayern Munich,157,VfL Wolfsburg,161,1,home,90,Allianz-Arena
2012,Semi-finals,2,559947,2013-04-16T18:30:00+00:00,VfL Wolfsburg,161,Bayern Munich,157,0,away,90,Allianz-Arena
2012,Semi-finals,2,559948,2013-04-17T18:30:00+00:00,VfB Stuttgart,172,SC Freiburg,160,1,home,90,Mercedes-Benz-Arena
2012,Semi-finals,2,559948,2013-04-17T18:30:00+00:00,SC Freiburg,160,VfB Stuttgart,172,0,away,90,Mercedes-Benz-Arena
2012,Final,1,559949,2013-06-01T18:00:00+00:00,Bayern Munich,157,VfB Stuttgart,172,1,home,90,Olympiastadion Berlin
2012,Final,1,559949,2013-06-01T18:00:00+00:00,VfB Stuttgart,172,Bayern Munich,157,0,away,90,Olympiastadion Berlin
2013,8th Finals,4,559872,2013-12-03T18:00:00+00:00,Union Berlin,182,FC Kaiserslautern,745,0,home,90,Stadion An der Alten Försterei
2013,8th Finals,4,559872,2013-12-03T18:00:00+00:00,FC Kaiserslautern,745,Union Berlin,182,1,away,90,Stadion An der Alten Försterei
2013,8th Finals,4,559873,2013-12-03T18:00:00+00:00,Hamburger SV,175,1.FC Köln,192,1,home,90,Imtech Arena
2013,8th Finals,4,559873,2013-12-03T18:00:00+00:00,1.FC Köln,192,Hamburger SV,175,0,away,90,Imtech Arena
2013,8th Finals,4,559874,2013-12-03T19:30:00+00:00,FC Schalke 04,174,1899 Hoffenheim,167,0,home,90,Veltins-Arena
2013,8th Finals,4,559874,2013-12-03T19:30:00+00:00,1899 Hoffenheim,167,FC Schalke 04,174,1,away,90,Veltins-Arena
2013,8th Finals,4,559875,2013-12-03T19:30:00+00:00,FC Saarbrucken,1639,Borussia Dortmund,165,0,home,90,Stadion Ludwigspark
2013,8th Finals,4,559875,2013-12-03T19:30:00+00:00,Borussia Dortmund,165,FC Saarbrucken,1639,1,away,90,Stadion Ludwigspark
2013,8th Finals,4,559876,2013-12-04T18:00:00+00:00,SC Freiburg,160,Bayer Leverkusen,168,0,home,90,MAGE SOLAR Stadion
2013,8th Finals,4,559876,2013-12-04T18:00:00+00:00,Bayer Leverkusen,168,SC Freiburg,160,1,away,90,MAGE SOLAR Stadion
2013,8th Finals,4,559877,2013-12-04T18:00:00+00:00,VfL Wolfsburg,161,FC Ingolstadt 04,184,1,home,90,VOLKSWAGEN ARENA
2013,8th Finals,4,559877,2013-12-04T18:00:00+00:00,FC Ingolstadt 04,184,VfL Wolfsburg,161,0,away,90,VOLKSWAGEN ARENA
2013,8th Finals,4,559878,2013-12-04T19:30:00+00:00,Eintracht Frankfurt,169,SV Sandhausen,189,1,home,90,Commerzbank-Arena
2013,8th Finals,4,559878,2013-12-04T19:30:00+00:00,SV Sandhausen,189,Eintracht Frankfurt,169,0,away,90,Commerzbank-Arena
2013,8th Finals,4,559879,2013-12-04T19:30:00+00:00,FC Augsburg,170,Bayern Munich,157,0,home,90,SGL arena
2013,8th Finals,4,559879,2013-12-04T19:30:00+00:00,Bayern Munich,157,FC Augsburg,170,1,away,90,SGL arena
2013,Quarter-finals,3,559880,2014-02-11T19:45:00+00:00,Eintracht Frankfurt,169,Borussia Dortmund,165,0,home,90,Commerzbank-Arena
2013,Quarter-finals,3,559880,2014-02-11T19:45:00+00:00,Borussia Dortmund,165,Eintracht Frankfurt,169,1,away,90,Commerzbank-Arena
2013,Quarter-finals,3,559881,2014-02-12T18:00:00+00:00,1899 Hoffenheim,167,VfL Wolfsburg,161,0,home,90,Wirsol Rhein-Neckar-Arena
2013,Quarter-finals,3,559881,2014-02-12T18:00:00+00:00,VfL Wolfsburg,161,1899 Hoffenheim,167,1,away,90,Wirsol Rhein-Neckar-Arena
2013,Quarter-finals,3,559882,2014-02-12T18:00:00+00:00,Bayer Leverkusen,168,FC Kaiserslautern,745,0,home,120,BayArena
2013,Quarter-finals,3,559882,2014-02-12T18:00:00+00:00,FC Kaiserslautern,745,Bayer Leverkusen,168,1,away,120,BayArena
2013,Quarter-finals,3,559883,2014-02-12T19:30:00+00:00,Hamburger SV,175,Bayern Munich,157,0,home,90,Imtech Arena
2013,Quarter-finals,3,559883,2014-02-12T19:30:00+00:00,Bayern Munich,157,Hamburger SV,175,1,away,90,Imtech Arena
2013,Semi-finals,2,559884,2014-04-15T18:30:00+00:00,Borussia Dortmund,165,VfL Wolfsburg,161,1,home,90,Signal-Iduna-Park
2013,Semi-finals,2,559884,2014-04-15T18:30:00+00:00,VfL Wolfsburg,161,Borussia Dortmund,165,0,away,90,Signal-Iduna-Park
2013,Semi-finals,2,559885,2014-04-16T18:30:00+00:00,Bayern Munich,157,FC Kaiserslautern,745,1,home,90,Allianz-Arena
2013,Semi-finals,2,559885,2014-04-16T18:30:00+00:00,FC Kaiserslautern,745,Bayern Munich,157,0,away,90,Allianz-Arena
2013,Final,1,559886,2014-05-17T18:00:00+00:00,Borussia Dortmund,165,Bayern Munich,157,0,home,120,Olympiastadion Berlin
2013,Final,1,559886,2014-05-17T18:00:00+00:00,Bayern Munich,157,Borussia Dortmund,165,1,away,120,Olympiastadion Berlin
2014,8th Finals,4,559809,2015-03-03T18:00:00+00:00,Bayer Leverkusen,168,FC Kaiserslautern,745,1,home,120,BayArena
2014,8th Finals,4,559809,2015-03-03T18:00:00+00:00,FC Kaiserslautern,745,Bayer Leverkusen,168,0,away,120,BayArena
2014,8th Finals,4,559810,2015-03-03T18:00:00+00:00,VfR Aalen,1327,1899 Hoffenheim,167,0,home,90,Scholz Arena
2014,8th Finals,4,559810,2015-03-03T18:00:00+00:00,1899 Hoffenheim,167,VfR Aalen,1327,1,away,90,Scholz Arena
2014,8th Finals,4,559811,2015-03-03T19:30:00+00:00,SC Freiburg,160,1.FC Köln,192,1,home,90,Schwarzwald-Stadion
2014,8th Finals,4,559811,2015-03-03T19:30:00+00:00,1.FC Köln,192,SC Freiburg,160,0,away,90,Schwarzwald-Stadion
2014,8th Finals,4,559812,2015-03-03T19:30:00+00:00,Dynamo Dresden,183,Borussia Dortmund,165,0,home,90,Stadion Dresden
2014,8th Finals,4,559812,2015-03-03T19:30:00+00:00,Borussia Dortmund,165,Dynamo Dresden,183,1,away,90,Stadion Dresden
2014,8th Finals,4,559813,2015-03-04T18:00:00+00:00,RB Leipzig,173,VfL Wolfsburg,161,0,home,90,Red Bull Arena
2014,8th Finals,4,559813,2015-03-04T18:00:00+00:00,VfL Wolfsburg,161,RB Leipzig,173,1,away,90,Red Bull Arena
2014,8th Finals,4,559814,2015-03-04T18:00:00+00:00,Arminia Bielefeld,188,Werder Bremen,162,1,home,90,SchücoArena
2014,8th Finals,4,559814,2015-03-04T18:00:00+00:00,Werder Bremen,162,Arminia Bielefeld,188,0,away,90,SchücoArena
2014,8th Finals,4,559815,2015-03-04T19:30:00+00:00,Kickers Offenbach,1628,Borussia Monchengladbach,163,0,home,90,Sparda-Bank-Hessen-Stadion
2014,8th Finals,4,559815,2015-03-04T19:30:00+00:00,Borussia Monchengladbach,163,Kickers Offenbach,1628,1,away,90,Sparda-Bank-Hessen-Stadion
2014,8th Finals,4,559816,2015-03-04T19:30:00+00:00,Bayern Munich,157,Eintracht Braunschweig,744,1,home,90,Allianz-Arena
2014,8th Finals,4,559816,2015-03-04T19:30:00+00:00,Eintracht Braunschweig,744,Bayern Munich,157,0,away,90,Allianz-Arena
2014,Quarter-finals,3,559817,2015-04-07T17:00:00+00:00,VfL Wolfsburg,161,SC Freiburg,160,1,home,90,VOLKSWAGEN ARENA
2014,Quarter-finals,3,559817,2015-04-07T17:00:00+00:00,SC Freiburg,160,VfL Wolfsburg,161,0,away,90,VOLKSWAGEN ARENA
2014,Quarter-finals,3,559818,2015-04-07T18:30:00+00:00,Borussia Dortmund,165,1899 Hoffenheim,167,1,home,120,Signal-Iduna-Park
2014,Quarter-finals,3,559818,2015-04-07T18:30:00+00:00,1899 Hoffenheim,167,Borussia Dortmund,165,0,away,120,Signal-Iduna-Park
2014,Quarter-finals,3,559819,2015-04-08T17:00:00+00:00,Arminia Bielefeld,188,Borussia Monchengladbach,163,1,home,120,SchücoArena
2014,Quarter-finals,3,559819,2015-04-08T17:00:00+00:00,Borussia Monchengladbach,163,Arminia Bielefeld,188,0,away,120,SchücoArena
2014,Quarter-finals,3,559820,2015-04-08T18:30:00+00:00,Bayer Leverkusen,168,Bayern Munich,157,0,home,120,BayArena
2014,Quarter-finals,3,559820,2015-04-08T18:30:00+00:00,Bayern Munich,157,Bayer Leverkusen,168,1,away,120,BayArena
2014,Semi-finals,2,559821,2015-04-28T18:30:00+00:00,Bayern Munich,157,Borussia Dortmund,165,0,home,120,Allianz-Arena
2014,Semi-finals,2,559821,2015-04-28T18:30:00+00:00,Borussia Dortmund,165,Bayern Munich,157,1,away,120,Allianz-Arena
2014,Semi-finals,2,559822,2015-04-29T18:30:00+00:00,Arminia Bielefeld,188,VfL Wolfsburg,161,0,home,90,SchücoArena
2014,Semi-finals,2,559822,2015-04-29T18:30:00+00:00,VfL Wolfsburg,161,Arminia Bielefeld,188,1,away,90,SchücoArena
2014,Final,1,559823,2015-05-30T18:00:00+00:00,Borussia Dortmund,165,VfL Wolfsburg,161,0,home,90,Olympiastadion Berlin
2014,Final,1,559823,2015-05-30T18:00:00+00:00,VfL Wolfsburg,161,Borussia Dortmund,165,1,away,90,Olympiastadion Berlin
2015,Quarter-finals,3,559746,2016-02-09T18:00:00+00:00,Bayer Leverkusen,168,Werder Bremen,162,0,home,90,BayArena
2015,Quarter-finals,3,559746,2016-02-09T18:00:00+00:00,Werder Bremen,162,Bayer Leverkusen,168,1,away,90,BayArena
2015,Quarter-finals,3,559747,2016-02-09T19:30:00+00:00,VfB Stuttgart,172,Borussia Dortmund,165,0,home,90,Mercedes-Benz-Arena
2015,Quarter-finals,3,559747,2016-02-09T19:30:00+00:00,Borussia Dortmund,165,VfB Stuttgart,172,1,away,90,Mercedes-Benz-Arena
2015,Quarter-finals,3,559748,2016-02-10T18:00:00+00:00,FC Heidenheim,180,Hertha Berlin,159,0,home,90,Voith-Arena
2015,Quarter-finals,3,559748,2016-02-10T18:00:00+00:00,Hertha Berlin,159,FC Heidenheim,180,1,away,90,Voith-Arena
2015,Quarter-finals,3,559749,2016-02-10T19:30:00+00:00,Vfl Bochum,176,Bayern Munich,157,0,home,90,rewirpowerSTADION
2015,Quarter-finals,3,559749,2016-02-10T19:30:00+00:00,Bayern Munich,157,Vfl Bochum,176,1,away,90,rewirpowerSTADION
2015,Semi-finals,2,559750,2016-04-19T18:30:00+00:00,Bayern Munich,157,Werder Bremen,162,1,home,90,Allianz-Arena
2015,Semi-finals,2,559750,2016-04-19T18:30:00+00:00,Werder Bremen,162,Bayern Munich,157,0,away,90,Allianz-Arena
2015,Semi-finals,2,559751,2016-04-20T18:30:00+00:00,Hertha Berlin,159,Borussia Dortmund,165,0,home,90,Olympiastadion Berlin
2015,Semi-finals,2,559751,2016-04-20T18:30:00+00:00,Borussia Dortmund,165,Hertha Berlin,159,1,away,90,Olympiastadion Berlin
2015,Final,1,559752,2016-05-21T18:00:00+00:00,Bayern Munich,157,Borussia Dortmund,165,1,home,120,Olympiastadion Berlin
2015,Final,1,559752,2016-05-21T18:00:00+00:00,Borussia Dortmund,165,Bayern Munich,157,0,away,120,Olympiastadion Berlin
2015,3rd Round,4,559753,2015-12-15T18:00:00+00:00,SpVgg Unterhaching,1314,Bayer Leverkusen,168,0,home,90,Alpenbauer Sportpark
2015,3rd Round,4,559753,2015-12-15T18:00:00+00:00,Bayer Leverkusen,168,SpVgg Unterhaching,1314,1,away,90,Alpenbauer Sportpark
2015,3rd Round,4,559754,2015-12-15T18:15:00+00:00,Borussia Monchengladbach,163,Werder Bremen,162,0,home,90,Stadion im BORUSSIA-PARK
2015,3rd Round,4,559754,2015-12-15T18:15:00+00:00,Werder Bremen,162,Borussia Monchengladbach,163,1,away,90,Stadion im BORUSSIA-PARK
2015,3rd Round,4,559755,2015-12-15T19:30:00+00:00,Erzgebirge AUE,190,FC Heidenheim,180,0,home,90,Sparkassen-Erzgebirgsstadion
2015,3rd Round,4,559755,2015-12-15T19:30:00+00:00,FC Heidenheim,180,Erzgebirge AUE,190,1,away,90,Sparkassen-Erzgebirgsstadion
2015,3rd Round,4,559756,2015-12-15T19:30:00+00:00,Bayern Munich,157,SV Darmstadt 98,181,1,home,90,Allianz-Arena
2015,3rd Round,4,559756,2015-12-15T19:30:00+00:00,SV Darmstadt 98,181,Bayern Munich,157,0,away,90,Allianz-Arena
2015,3rd Round,4,559757,2015-12-16T18:00:00+00:00,FC Nurnberg,171,Hertha Berlin,159,0,home,90,Grundig-Stadion
2015,3rd Round,4,559757,2015-12-16T18:00:00+00:00,Hertha Berlin,159,FC Nurnberg,171,1,away,90,Grundig-Stadion
2015,3rd Round,4,559758,2015-12-16T18:00:00+00:00,VfB Stuttgart,172,Eintracht Braunschweig,744,1,home,120,Mercedes-Benz-Arena
2015,3rd Round,4,559758,2015-12-16T18:00:00+00:00,Eintracht Braunschweig,744,VfB Stuttgart,172,0,away,120,Mercedes-Benz-Arena
2015,3rd Round,4,559759,2015-12-16T19:30:00+00:00,FC Augsburg,170,Borussia Dortmund,165,0,home,90,WWK Arena
2015,3rd Round,4,559759,2015-12-16T19:30:00+00:00,Borussia Dortmund,165,FC Augsburg,170,1,away,90,WWK Arena
2015,3rd Round,4,559760,2015-12-16T19:30:00+00:00,TSV 1860 Munich,786,Vfl Bochum,176,0,home,90,Allianz-Arena
2015,3rd Round,4,559760,2015-12-16T19:30:00+00:00,Vfl Bochum,176,TSV 1860 Munich,786,1,away,90,Allianz-Arena
2016,Final,1,57349,2017-05-27T18:00:00+00:00,Eintracht Frankfurt,169,Borussia Dortmund,165,0,home,90,Olympiastadion
2016,Final,1,57349,2017-05-27T18:00:00+00:00,Borussia Dortmund,165,Eintracht Frankfurt,169,1,away,90,Olympiastadion
2016,Semi-finals,2,57350,2017-04-26T18:45:00+00:00,Bayern Munich,157,Borussia Dortmund,165,0,home,90,Allianz Arena
2016,Semi-finals,2,57350,2017-04-26T18:45:00+00:00,Borussia Dortmund,165,Bayern Munich,157,1,away,90,Allianz Arena
2016,Semi-finals,2,57351,2017-04-25T18:45:00+00:00,Borussia Monchengladbach,163,Eintracht Frankfurt,169,0,home,120,Borussia-Park
2016,Semi-finals,2,57351,2017-04-25T18:45:00+00:00,Eintracht Frankfurt,169,Borussia Monchengladbach,163,1,away,120,Borussia-Park
2016,Quarter-finals,3,57352,2017-03-14T17:30:00+00:00,Sportfreunde Lotte,1323,Borussia Dortmund,165,0,home,90,Stadion an der Bremer Brücke
2016,Quarter-finals,3,57352,2017-03-14T17:30:00+00:00,Borussia Dortmund,165,Sportfreunde Lotte,1323,1,away,90,Stadion an der Bremer Brücke
2016,Quarter-finals,3,57353,2017-03-01T19:45:00+00:00,Bayern Munich,157,FC Schalke 04,174,1,home,90,Allianz Arena
2016,Quarter-finals,3,57353,2017-03-01T19:45:00+00:00,FC Schalke 04,174,Bayern Munich,157,0,away,90,Allianz Arena
2016,Quarter-finals,3,57354,2017-03-01T17:30:00+00:00,Hamburger SV,175,Borussia Monchengladbach,163,0,home,90,Volksparkstadion
2016,Quarter-finals,3,57354,2017-03-01T17:30:00+00:00,Borussia Monchengladbach,163,Hamburger SV,175,1,away,90,Volksparkstadion
2016,Quarter-finals,3,57355,2017-02-28T17:30:00+00:00,Eintracht Frankfurt,169,Arminia Bielefeld,188,1,home,90,Commerzbank-Arena
2016,Quarter-finals,3,57355,2017-02-28T17:30:00+00:00,Arminia Bielefeld,188,Eintracht Frankfurt,169,0,away,90,Commerzbank-Arena
2016,3rd Round,4,57356,2017-02-08T19:45:00+00:00,Borussia Dortmund,165,Hertha Berlin,159,1,home,120,Signal Iduna Park
2016,3rd Round,4,57356,2017-02-08T19:45:00+00:00,Hertha Berlin,159,Borussia Dortmund,165,0,away,120,Signal Iduna Park
2016,3rd Round,4,57357,2017-02-08T19:45:00+00:00,Hannover 96,166,Eintracht Frankfurt,169,0,home,90,HDI Arena
2016,3rd Round,4,57357,2017-02-08T19:45:00+00:00,Eintracht Frankfurt,169,Hannover 96,166,1,away,90,HDI Arena
2016,3rd Round,4,57358,2017-02-08T17:30:00+00:00,Sportfreunde Lotte,1323,TSV 1860 Munich,786,1,home,90,Frimo Stadion
2016,3rd Round,4,57358,2017-02-08T17:30:00+00:00,TSV 1860 Munich,786,Sportfreunde Lotte,1323,0,away,90,Frimo Stadion
2016,3rd Round,4,57359,2017-02-08T17:30:00+00:00,SV Sandhausen,189,FC Schalke 04,174,0,home,90,Hardtwaldstadion
2016,3rd Round,4,57359,2017-02-08T17:30:00+00:00,FC Schalke 04,174,SV Sandhausen,189,1,away,90,Hardtwaldstadion
2016,3rd Round,4,57360,2017-02-07T19:45:00+00:00,Bayern Munich,157,VfL Wolfsburg,161,1,home,90,Allianz Arena
2016,3rd Round,4,57360,2017-02-07T19:45:00+00:00,VfL Wolfsburg,161,Bayern Munich,157,0,away,90,Allianz Arena
2016,3rd Round,4,57361,2017-02-07T19:45:00+00:00,SpVgg Greuther Furth,178,Borussia Monchengladbach,163,0,home,90,Sportpark Ronhof Thomas Sommer
2016,3rd Round,4,57361,2017-02-07T19:45:00+00:00,Borussia Monchengladbach,163,SpVgg Greuther Furth,178,1,away,90,Sportpark Ronhof Thomas Sommer
2016,3rd Round,4,57362,2017-02-07T17:30:00+00:00,FC Astoria Walldorf,1626,Arminia Bielefeld,188,0,home,120,Dietmar-Hopp-Sportpark
2016,3rd Round,4,57362,2017-02-07T17:30:00+00:00,Arminia Bielefeld,188,FC Astoria Walldorf,1626,1,away,120,Dietmar-Hopp-Sportpark
2016,3rd Round,4,57363,2017-02-07T17:30:00+00:00,Hamburger SV,175,1.FC Köln,192,1,home,90,Volksparkstadion
2016,3rd Round,4,57363,2017-02-07T17:30:00+00:00,1.FC Köln,192,Hamburger SV,175,0,away,90,Volksparkstadion
2017,Final,1,57399,2018-05-19T18:00:00+00:00,Bayern Munich,157,Eintracht Frankfurt,169,0,home,90,Olympiastadion Berlin (Berlin)
2017,Final,1,57399,2018-05-19T18:00:00+00:00,Eintracht Frankfurt,169,Bayern Munich,157,1,away,90,Olympiastadion Berlin (Berlin)
2017,Semi-finals,2,57400,2018-04-18T18:45:00+00:00,FC Schalke 04,174,Eintracht Frankfurt,169,0,home,90,VELTINS-Arena (Gelsenkirchen)
2017,Semi-finals,2,57400,2018-04-18T18:45:00+00:00,Eintracht Frankfurt,169,FC Schalke 04,174,1,away,90,VELTINS-Arena (Gelsenkirchen)
2017,Semi-finals,2,57401,2018-04-17T18:45:00+00:00,Bayer Leverkusen,168,Bayern Munich,157,0,home,90,BayArena (Leverkusen)
2017,Semi-finals,2,57401,2018-04-17T18:45:00+00:00,Bayern Munich,157,Bayer Leverkusen,168,1,away,90,BayArena (Leverkusen)
2017,Quarter-finals,3,57402,2018-02-07T19:45:00+00:00,FC Schalke 04,174,VfL Wolfsburg,161,1,home,90,VELTINS-Arena (Gelsenkirchen)
2017,Quarter-finals,3,57402,2018-02-07T19:45:00+00:00,VfL Wolfsburg,161,FC Schalke 04,174,0,away,90,VELTINS-Arena (Gelsenkirchen)
2017,Quarter-finals,3,57403,2018-02-07T17:30:00+00:00,Eintracht Frankfurt,169,FSV Mainz 05,164,1,home,90,Commerzbank-Arena (Frankfurt am Main)
2017,Quarter-finals,3,57403,2018-02-07T17:30:00+00:00,FSV Mainz 05,164,Eintracht Frankfurt,169,0,away,90,Commerzbank-Arena (Frankfurt am Main)
2017,Quarter-finals,3,57404,2018-02-06T19:45:00+00:00,Bayer Leverkusen,168,Werder Bremen,162,1,home,120,BayArena (Leverkusen)
2017,Quarter-finals,3,57404,2018-02-06T19:45:00+00:00,Werder Bremen,162,Bayer Leverkusen,168,0,away,120,BayArena (Leverkusen)
2017,Quarter-finals,3,57405,2018-02-06T17:30:00+00:00,SC Paderborn 07,185,Bayern Munich,157,0,home,90,Benteler-Arena (Paderborn)
2017,Quarter-finals,3,57405,2018-02-06T17:30:00+00:00,Bayern Munich,157,SC Paderborn 07,185,1,away,90,Benteler-Arena (Paderborn)
2017,3rd Round,4,57406,2017-12-20T19:45:00+00:00,Bayern Munich,157,Borussia Dortmund,165,1,home,90,Allianz Arena (München)
2017,3rd Round,4,57406,2017-12-20T19:45:00+00:00,Borussia Dortmund,165,Bayern Munich,157,0,away,90,Allianz Arena (München)
2017,3rd Round,4,57407,2017-12-20T19:45:00+00:00,FC Heidenheim,180,Eintracht Frankfurt,169,0,home,120,Voith-Arena (Heidenheim an der Brenz)
2017,3rd Round,4,57407,2017-12-20T19:45:00+00:00,Eintracht Frankfurt,169,FC Heidenheim,180,1,away,120,Voith-Arena (Heidenheim an der Brenz)
2017,3rd Round,4,57408,2017-12-20T17:30:00+00:00,Borussia Monchengladbach,163,Bayer Leverkusen,168,0,home,90,Stadion im BORUSSIA-PARK (Mönchengladbach)
2017,3rd Round,4,57408,2017-12-20T17:30:00+00:00,Bayer Leverkusen,168,Borussia Monchengladbach,163,1,away,90,Stadion im BORUSSIA-PARK (Mönchengladbach)
2017,3rd Round,4,57409,2017-12-20T17:30:00+00:00,Werder Bremen,162,SC Freiburg,160,1,home,90,Weserstadion (Bremen)
2017,3rd Round,4,57409,2017-12-20T17:30:00+00:00,SC Freiburg,160,Werder Bremen,162,0,away,90,Weserstadion (Bremen)
2017,3rd Round,4,57410,2017-12-19T19:45:00+00:00,FC Nurnberg,171,VfL Wolfsburg,161,0,home,120,Max-Morlock-Stadion (Nürnberg)
2017,3rd Round,4,57410,2017-12-19T19:45:00+00:00,VfL Wolfsburg,161,FC Nurnberg,171,1,away,120,Max-Morlock-Stadion (Nürnberg)
2017,3rd Round,4,57411,2017-12-19T19:45:00+00:00,FC Schalke 04,174,1.FC Köln,192,1,home,90,VELTINS-Arena (Gelsenkirchen)
2017,3rd Round,4,57411,2017-12-19T19:45:00+00:00,1.FC Köln,192,FC Schalke 04,174,0,away,90,VELTINS-Arena (Gelsenkirchen)
2017,3rd Round,4,57412,2017-12-19T17:30:00+00:00,FSV Mainz 05,164,VfB Stuttgart,172,1,home,90,OPEL ARENA (Mainz)
2017,3rd Round,4,57412,2017-12-19T17:30:00+00:00,VfB Stuttgart,172,FSV Mainz 05,164,0,away,90,OPEL ARENA (Mainz)
2017,3rd Round,4,57413,2017-12-19T17:30:00+00:00,SC Paderborn 07,185,FC Ingolstadt 04,184,1,home,90,Benteler-Arena (Paderborn)
2017,3rd Round,4,57413,2017-12-19T17:30:00+00:00,FC Ingolstadt 04,184,SC Paderborn 07,185,0,away,90,Benteler-Arena (Paderborn)
2018,3rd Round,4,57510,2019-02-05T17:30:00+00:00,FC Heidenheim,180,Bayer Leverkusen,168,1,home,90,Voith-Arena
2018,3rd Round,4,57510,2019-02-05T17:30:00+00:00,Bayer Leverkusen,168,FC Heidenheim,180,0,away,90,Voith-Arena
2018,3rd Round,4,57511,2019-02-05T17:30:00+00:00,Hamburger SV,175,FC Nurnberg,171,1,home,90,Volksparkstadion
2018,3rd Round,4,57511,2019-02-05T17:30:00+00:00,FC Nurnberg,171,Hamburger SV,175,0,away,90,Volksparkstadion
2018,3rd Round,4,57512,2019-02-05T19:45:00+00:00,Borussia Dortmund,165,Werder Bremen,162,0,home,120,Signal Iduna Park
2018,3rd Round,4,57512,2019-02-05T19:45:00+00:00,Werder Bremen,162,Borussia Dortmund,165,1,away,120,Signal Iduna Park
2018,3rd Round,4,57513,2019-02-05T19:45:00+00:00,MSV Duisburg,187,SC Paderborn 07,185,0,home,90,Schauinsland-Reisen-Arena
2018,3rd Round,4,57513,2019-02-05T19:45:00+00:00,SC Paderborn 07,185,MSV Duisburg,187,1,away,90,Schauinsland-Reisen-Arena
2018,3rd Round,4,57514,2019-02-06T17:30:00+00:00,Holstein Kiel,191,FC Augsburg,170,0,home,90,Holstein-Stadion
2018,3rd Round,4,57514,2019-02-06T17:30:00+00:00,FC Augsburg,170,Holstein Kiel,191,1,away,90,Holstein-Stadion
2018,3rd Round,4,57515,2019-02-06T17:30:00+00:00,RB Leipzig,173,VfL Wolfsburg,161,1,home,90,Red Bull Arena
2018,3rd Round,4,57515,2019-02-06T17:30:00+00:00,VfL Wolfsburg,161,RB Leipzig,173,0,away,90,Red Bull Arena
2018,3rd Round,4,57516,2019-02-06T19:45:00+00:00,FC Schalke 04,174,Fortuna Dusseldorf,158,1,home,90,VELTINS-Arena
2018,3rd Round,4,57516,2019-02-06T19:45:00+00:00,Fortuna Dusseldorf,158,FC Schalke 04,174,0,away,90,VELTINS-Arena
2018,3rd Round,4,57517,2019-02-06T19:45:00+00:00,Hertha Berlin,159,Bayern Munich,157,0,home,120,Olympiastadion
2018,3rd Round,4,57517,2019-02-06T19:45:00+00:00,Bayern Munich,157,Hertha Berlin,159,1,away,120,Olympiastadion
2018,Quarter-finals,3,107271,2019-04-02T16:30:00+00:00,SC Paderborn 07,185,Hamburger SV,175,0,home,90,Benteler-Arena
2018,Quarter-finals,3,107271,2019-04-02T16:30:00+00:00,Hamburger SV,175,SC Paderborn 07,185,1,away,90,Benteler-Arena
2018,Quarter-finals,3,107272,2019-04-02T18:45:00+00:00,FC Augsburg,170,RB Leipzig,173,0,home,120,WWK Arena
2018,Quarter-finals,3,107272,2019-04-02T18:45:00+00:00,RB Leipzig,173,FC Augsburg,170,1,away,120,WWK Arena
2018,Quarter-finals,3,107273,2019-04-03T16:30:00+00:00,Bayern Munich,157,FC Heidenheim,180,1,home,90,Allianz Arena
2018,Quarter-finals,3,107273,2019-04-03T16:30:00+00:00,FC Heidenheim,180,Bayern Munich,157,0,away,90,Allianz Arena
2018,Quarter-finals,3,107274,2019-04-03T18:45:00+00:00,FC Schalke 04,174,Werder Bremen,162,0,home,90,VELTINS-Arena
2018,Quarter-finals,3,107274,2019-04-03T18:45:00+00:00,Werder Bremen,162,FC Schalke 04,174,1,away,90,VELTINS-Arena
2018,Semi-finals,2,108265,2019-04-23T18:45:00+00:00,Hamburger SV,175,RB Leipzig,173,0,home,90,Volksparkstadion
2018,Semi-finals,2,108265,2019-04-23T18:45:00+00:00,RB Leipzig,173,Hamburger SV,175,1,away,90,Volksparkstadion
2018,Semi-finals,2,108266,2019-04-24T18:45:00+00:00,Werder Bremen,162,Bayern Munich,157,0,home,90,Weser-Stadion
2018,Semi-finals,2,108266,2019-04-24T18:45:00+00:00,Bayern Munich,157,Werder Bremen,162,1,away,90,Weser-Stadion
2018,Final,1,113989,2019-05-25T18:00:00+00:00,RB Leipzig,173,Bayern Munich,157,0,home,90,Olympiastadion
2018,Final,1,113989,2019-05-25T18:00:00+00:00,Bayern Munich,157,RB Leipzig,173,1,away,90,Olympiastadion
2019,3rd Round,4,250165,2020-02-04T17:30:00+00:00,Eintracht Frankfurt,169,RB Leipzig,173,1,home,90,Commerzbank-Arena
2019,3rd Round,4,250165,2020-02-04T17:30:00+00:00,RB Leipzig,173,Eintracht Frankfurt,169,0,away,90,Commerzbank-Arena
2019,3rd Round,4,250166,2020-02-05T17:30:00+00:00,Bayer Leverkusen,168,VfB Stuttgart,172,1,home,90,BayArena
2019,3rd Round,4,250166,2020-02-05T17:30:00+00:00,VfB Stuttgart,172,Bayer Leverkusen,168,0,away,90,BayArena
2019,3rd Round,4,250167,2020-02-05T19:45:00+00:00,Bayern Munich,157,1899 Hoffenheim,167,1,home,90,Allianz Arena
2019,3rd Round,4,250167,2020-02-05T19:45:00+00:00,1899 Hoffenheim,167,Bayern Munich,157,0,away,90,Allianz Arena
2019,3rd Round,4,250168,2020-02-05T19:45:00+00:00,FC Saarbrucken,1639,Karlsruher SC,785,1,home,120,Hermann-Neuberger-Stadion
2019,3rd Round,4,250168,2020-02-05T19:45:00+00:00,Karlsruher SC,785,FC Saarbrucken,1639,0,away,120,Hermann-Neuberger-Stadion
2019,3rd Round,4,250169,2020-02-04T19:45:00+00:00,Werder Bremen,162,Borussia Dortmund,165,1,home,90,wohninvest WESERSTADION
2019,3rd Round,4,250169,2020-02-04T19:45:00+00:00,Borussia Dortmund,165,Werder Bremen,162,0,away,90,wohninvest WESERSTADION
2019,3rd Round,4,250170,2020-02-04T17:30:00+00:00,FC Kaiserslautern,745,Fortuna Dusseldorf,158,0,home,90,Fritz-Walter-Stadion
2019,3rd Round,4,250170,2020-02-04T17:30:00+00:00,Fortuna Dusseldorf,158,FC Kaiserslautern,745,1,away,90,Fritz-Walter-Stadion
2019,3rd Round,4,250171,2020-02-05T17:30:00+00:00,Verl,4265,Union Berlin,182,0,home,90,SPORTCLUB Arena
2019,3rd Round,4,250171,2020-02-05T17:30:00+00:00,Union Berlin,182,Verl,4265,1,away,90,SPORTCLUB Arena
2019,3rd Round,4,313878,2020-02-04T19:45:00+00:00,FC Schalke 04,174,Hertha Berlin,159,1,home,120,VELTINS-Arena
2019,3rd Round,4,313878,2020-02-04T19:45:00+00:00,Hertha Berlin,159,FC Schalke 04,174,0,away,120,VELTINS-Arena
2019,Quarter-finals,3,324067,2020-03-03T17:30:00+00:00,FC Saarbrucken,1639,Fortuna Dusseldorf,158,1,home,120,Hermann-Neuberger-Stadion
2019,Quarter-finals,3,324067,2020-03-03T17:30:00+00:00,Fortuna Dusseldorf,158,FC Saarbrucken,1639,0,away,120,Hermann-Neuberger-Stadion
2019,Quarter-finals,3,324068,2020-03-03T19:45:00+00:00,FC Schalke 04,174,Bayern Munich,157,0,home,90,VELTINS-Arena
2019,Quarter-finals,3,324068,2020-03-03T19:45:00+00:00,Bayern Munich,157,FC Schalke 04,174,1,away,90,VELTINS-Arena
2019,Quarter-finals,3,324069,2020-03-04T17:30:00+00:00,Bayer Leverkusen,168,Union Berlin,182,1,home,90,BayArena
2019,Quarter-finals,3,324069,2020-03-04T17:30:00+00:00,Union Berlin,182,Bayer Leverkusen,168,0,away,90,BayArena
2019,Quarter-finals,3,324070,2020-03-04T19:45:00+00:00,Eintracht Frankfurt,169,Werder Bremen,162,1,home,90,Commerzbank-Arena
2019,Quarter-finals,3,324070,2020-03-04T19:45:00+00:00,Werder Bremen,162,Eintracht Frankfurt,169,0,away,90,Commerzbank-Arena
2019,Semi-finals,2,354883,2020-06-09T18:45:00+00:00,FC Saarbrucken,1639,Bayer Leverkusen,168,0,home,90,Hermann-Neuberger-Stadion
2019,Semi-finals,2,354883,2020-06-09T18:45:00+00:00,Bayer Leverkusen,168,FC Saarbrucken,1639,1,away,90,Hermann-Neuberger-Stadion
2019,Semi-finals,2,354884,2020-06-10T18:45:00+00:00,Bayern Munich,157,Eintracht Frankfurt,169,1,home,90,Allianz Arena
2019,Semi-finals,2,354884,2020-06-10T18:45:00+00:00,Eintracht Frankfurt,169,Bayern Munich,157,0,away,90,Allianz Arena
2019,Final,1,564163,2020-07-04T18:00:00+00:00,Bayer Leverkusen,168,Bayern Munich,157,0,home,90,Olympiastadion Berlin
2019,Final,1,564163,2020-07-04T18:00:00+00:00,Bayern Munich,157,Bayer Leverkusen,168,1,away,90,Olympiastadion Berlin
2020,Round of 16,4,655483,2021-02-02T19:45:00+00:00,Borussia Dortmund,165,SC Paderborn 07,185,1,home,120,Signal-Iduna-Park
2020,Round of 16,4,655483,2021-02-02T19:45:00+00:00,SC Paderborn 07,185,Borussia Dortmund,165,0,away,120,Signal-Iduna-Park
2020,Round of 16,4,655484,2021-02-03T17:30:00+00:00,RB Leipzig,173,Vfl Bochum,176,1,home,90,Red Bull Arena
2020,Round of 16,4,655484,2021-02-03T17:30:00+00:00,Vfl Bochum,176,RB Leipzig,173,0,away,90,Red Bull Arena
2020,Round of 16,4,655485,2021-02-03T19:45:00+00:00,Jahn Regensburg,177,1.FC Köln,192,1,home,120,Jahnstadion Regensburg
2020,Round of 16,4,655485,2021-02-03T19:45:00+00:00,1.FC Köln,192,Jahn Regensburg,177,0,away,120,Jahnstadion Regensburg
2020,Round of 16,4,655486,2021-02-02T19:45:00+00:00,Werder Bremen,162,SpVgg Greuther Furth,178,1,home,90,wohninvest WESERSTADION
2020,Round of 16,4,655486,2021-02-02T19:45:00+00:00,SpVgg Greuther Furth,178,Werder Bremen,162,0,away,90,wohninvest WESERSTADION
2020,Round of 16,4,655487,2021-02-03T19:45:00+00:00,VfB Stuttgart,172,Borussia Monchengladbach,163,0,home,90,Mercedes-Benz-Arena
2020,Round of 16,4,655487,2021-02-03T19:45:00+00:00,Borussia Monchengladbach,163,VfB Stuttgart,172,1,away,90,Mercedes-Benz-Arena
2020,Round of 16,4,655488,2021-02-03T17:30:00+00:00,VfL Wolfsburg,161,FC Schalke 04,174,1,home,90,VOLKSWAGEN ARENA
2020,Round of 16,4,655488,2021-02-03T17:30:00+00:00,FC Schalke 04,174,VfL Wolfsburg,161,0,away,90,VOLKSWAGEN ARENA
2020,Round of 16,4,663694,2021-02-02T17:30:00+00:00,Rot-weiss Essen,1621,Bayer Leverkusen,168,1,home,120,Stadion Essen
2020,Round of 16,4,663694,2021-02-02T17:30:00+00:00,Bayer Leverkusen,168,Rot-weiss Essen,1621,0,away,120,Stadion Essen
2020,Round of 16,4,663695,2021-02-02T17:30:00+00:00,Holstein Kiel,191,SV Darmstadt 98,181,1,home,120,Holstein-Stadion
2020,Round of 16,4,663695,2021-02-02T17:30:00+00:00,SV Darmstadt 98,181,Holstein Kiel,191,0,away,120,Holstein-Stadion
2020,Quarter-finals,3,675014,2021-03-02T19:45:00+00:00,Borussia Monchengladbach,163,Borussia Dortmund,165,0,home,90,Stadion im BORUSSIA-PARK
2020,Quarter-finals,3,675014,2021-03-02T19:45:00+00:00,Borussia Dortmund,165,Borussia Monchengladbach,163,1,away,90,Stadion im BORUSSIA-PARK
2020,Quarter-finals,3,675015,2021-03-03T17:30:00+00:00,Rot-weiss Essen,1621,Holstein Kiel,191,0,home,90,Stadion Essen
2020,Quarter-finals,3,675015,2021-03-03T17:30:00+00:00,Holstein Kiel,191,Rot-weiss Essen,1621,1,away,90,Stadion Essen
2020,Quarter-finals,3,675016,2021-04-07T16:30:00+00:00,Jahn Regensburg,177,Werder Bremen,162,0,home,90,Jahnstadion Regensburg
2020,Quarter-finals,3,675016,2021-04-07T16:30:00+00:00,Werder Bremen,162,Jahn Regensburg,177,1,away,90,Jahnstadion Regensburg
2020,Quarter-finals,3,675017,2021-03-03T19:45:00+00:00,RB Leipzig,173,VfL Wolfsburg,161,1,home,90,Red Bull Arena
2020,Quarter-finals,3,675017,2021-03-03T19:45:00+00:00,VfL Wolfsburg,161,RB Leipzig,173,0,away,90,Red Bull Arena
2020,Semi-finals,2,682740,2021-05-01T18:30:00+00:00,Borussia Dortmund,165,Holstein Kiel,191,1,home,90,Signal-Iduna-Park
2020,Semi-finals,2,682740,2021-05-01T18:30:00+00:00,Holstein Kiel,191,Borussia Dortmund,165,0,away,90,Signal-Iduna-Park
2020,Semi-finals,2,700143,2021-04-30T18:30:00+00:00,Werder Bremen,162,RB Leipzig,173,0,home,120,wohninvest WESERSTADION
2020,Semi-finals,2,700143,2021-04-30T18:30:00+00:00,RB Leipzig,173,Werder Bremen,162,1,away,120,wohninvest WESERSTADION
2020,Final,1,700980,2021-05-13T18:45:00+00:00,RB Leipzig,173,Borussia Dortmund,165,0,home,90,Olympiastadion Berlin
2020,Final,1,700980,2021-05-13T18:45:00+00:00,Borussia Dortmund,165,RB Leipzig,173,1,away,90,Olympiastadion Berlin
2021,Round of 16,4,810118,2022-01-19T19:45:00+00:00,1899 Hoffenheim,167,SC Freiburg,160,0,home,90,PreZero Arena
2021,Round of 16,4,810118,2022-01-19T19:45:00+00:00,SC Freiburg,160,1899 Hoffenheim,167,1,away,90,PreZero Arena
2021,Round of 16,4,810119,2022-01-18T19:45:00+00:00,FC St. Pauli,186,Borussia Dortmund,165,1,home,90,Millerntor-Stadion
2021,Round of 16,4,810119,2022-01-18T19:45:00+00:00,Borussia Dortmund,165,FC St. Pauli,186,0,away,90,Millerntor-Stadion
2021,Round of 16,4,810120,2022-01-18T17:30:00+00:00,TSV 1860 Munich,786,Karlsruher SC,785,0,home,90,Städtisches Stadion an der Grünwalder Straße
2021,Round of 16,4,810120,2022-01-18T17:30:00+00:00,Karlsruher SC,785,TSV 1860 Munich,786,1,away,90,Städtisches Stadion an der Grünwalder Straße
2021,Round of 16,4,810121,2022-01-19T17:30:00+00:00,Hannover 96,166,Borussia Monchengladbach,163,1,home,90,HDI-Arena
2021,Round of 16,4,810121,2022-01-19T17:30:00+00:00,Borussia Monchengladbach,163,Hannover 96,166,0,away,90,HDI-Arena
2021,Round of 16,4,810122,2022-01-19T19:45:00+00:00,Hertha Berlin,159,Union Berlin,182,0,home,90,Olympiastadion Berlin
2021,Round of 16,4,810122,2022-01-19T19:45:00+00:00,Union Berlin,182,Hertha Berlin,159,1,away,90,Olympiastadion Berlin
2021,Round of 16,4,810123,2022-01-18T17:30:00+00:00,1.FC Köln,192,Hamburger SV,175,0,home,120,RheinEnergieStadion
2021,Round of 16,4,810123,2022-01-18T17:30:00+00:00,Hamburger SV,175,1.FC Köln,192,1,away,120,RheinEnergieStadion
2021,Round of 16,4,810124,2022-01-19T17:30:00+00:00,RB Leipzig,173,Hansa Rostock,1321,1,home,90,Red Bull Arena
2021,Round of 16,4,810124,2022-01-19T17:30:00+00:00,Hansa Rostock,1321,RB Leipzig,173,0,away,90,Red Bull Arena
2021,Round of 16,4,810125,2022-01-18T19:45:00+00:00,Vfl Bochum,176,FSV Mainz 05,164,1,home,90,Vonovia Ruhrstadion
2021,Round of 16,4,810125,2022-01-18T19:45:00+00:00,FSV Mainz 05,164,Vfl Bochum,176,0,away,90,Vonovia Ruhrstadion
2021,Quarter-finals,3,832027,2022-03-01T19:45:00+00:00,Union Berlin,182,FC St. Pauli,186,1,home,90,Stadion An der Alten Försterei
2021,Quarter-finals,3,832027,2022-03-01T19:45:00+00:00,FC St. Pauli,186,Union Berlin,182,0,away,90,Stadion An der Alten Försterei
2021,Quarter-finals,3,832028,2022-03-02T17:30:00+00:00,Hamburger SV,175,Karlsruher SC,785,1,home,120,Volksparkstadion
2021,Quarter-finals,3,832028,2022-03-02T17:30:00+00:00,Karlsruher SC,785,Hamburger SV,175,0,away,120,Volksparkstadion
2021,Quarter-finals,3,832029,2022-03-02T17:30:00+00:00,Hannover 96,166,RB Leipzig,173,0,home,90,HDI-Arena
2021,Quarter-finals,3,832029,2022-03-02T17:30:00+00:00,RB Leipzig,173,Hannover 96,166,1,away,90,HDI-Arena
2021,Quarter-finals,3,832030,2022-03-02T19:45:00+00:00,Vfl Bochum,176,SC Freiburg,160,0,home,120,Vonovia Ruhrstadion
2021,Quarter-finals,3,832030,2022-03-02T19:45:00+00:00,SC Freiburg,160,Vfl Bochum,176,1,away,120,Vonovia Ruhrstadion
2021,Semi-finals,2,847641,2022-04-19T18:45:00+00:00,Hamburger SV,175,SC Freiburg,160,0,home,90,Volksparkstadion
2021,Semi-finals,2,847641,2022-04-19T18:45:00+00:00,SC Freiburg,160,Hamburger SV,175,1,away,90,Volksparkstadion
2021,Semi-finals,2,847642,2022-04-20T18:45:00+00:00,RB Leipzig,173,Union Berlin,182,1,home,90,Red Bull Arena
2021,Semi-finals,2,847642,2022-04-20T18:45:00+00:00,Union Berlin,182,RB Leipzig,173,0,away,90,Red Bull Arena
2021,Final,1,858630,2022-05-21T18:00:00+00:00,SC Freiburg,160,RB Leipzig,173,0,home,120,Olympiastadion Berlin
2021,Final,1,858630,2022-05-21T18:00:00+00:00,RB Leipzig,173,SC Freiburg,160,1,away,120,Olympiastadion Berlin
2022,Round of 16,4,968254,2023-02-07T17:00:00+00:00,SV Sandhausen,189,SC Freiburg,160,0,home,90,BWT-Stadion am Hardtwald
2022,Round of 16,4,968254,2023-02-07T17:00:00+00:00,SC Freiburg,160,SV Sandhausen,189,1,away,90,BWT-Stadion am Hardtwald
2022,Round of 16,4,968255,2023-01-31T17:00:00+00:00,SC Paderborn 07,185,VfB Stuttgart,172,0,home,90,Home Deluxe Arena
2022,Round of 16,4,968255,2023-01-31T17:00:00+00:00,VfB Stuttgart,172,SC Paderborn 07,185,1,away,90,Home Deluxe Arena
2022,Round of 16,4,968256,2023-01-31T19:45:00+00:00,Union Berlin,182,VfL Wolfsburg,161,1,home,90,Stadion An der Alten Försterei
2022,Round of 16,4,968256,2023-01-31T19:45:00+00:00,VfL Wolfsburg,161,Union Berlin,182,0,away,90,Stadion An der Alten Försterei
2022,Round of 16,4,968257,2023-02-07T19:45:00+00:00,Eintracht Frankfurt,169,SV Darmstadt 98,181,1,home,90,Deutsche Bank Park
2022,Round of 16,4,968257,2023-02-07T19:45:00+00:00,SV Darmstadt 98,181,Eintracht Frankfurt,169,0,away,90,Deutsche Bank Park
2022,Round of 16,4,968258,2023-02-08T19:45:00+00:00,Vfl Bochum,176,Borussia Dortmund,165,0,home,90,Vonovia Ruhrstadion
2022,Round of 16,4,968258,2023-02-08T19:45:00+00:00,Borussia Dortmund,165,Vfl Bochum,176,1,away,90,Vonovia Ruhrstadion
2022,Round of 16,4,968259,2023-02-01T19:45:00+00:00,FSV Mainz 05,164,Bayern Munich,157,0,home,90,MEWA ARENA
2022,Round of 16,4,968259,2023-02-01T19:45:00+00:00,Bayern Munich,157,FSV Mainz 05,164,1,away,90,MEWA ARENA
2022,Round of 16,4,968260,2023-02-01T17:00:00+00:00,RB Leipzig,173,1899 Hoffenheim,167,1,home,90,Red Bull Arena
2022,Round of 16,4,968260,2023-02-01T17:00:00+00:00,1899 Hoffenheim,167,RB Leipzig,173,0,away,90,Red Bull Arena
2022,Round of 16,4,968261,2023-02-08T17:00:00+00:00,FC Nurnberg,171,Fortuna Dusseldorf,158,1,home,120,Max-Morlock-Stadion
2022,Round of 16,4,968261,2023-02-08T17:00:00+00:00,Fortuna Dusseldorf,158,FC Nurnberg,171,0,away,120,Max-Morlock-Stadion
2022,Quarter-finals,3,1008958,2023-04-05T18:45:00+00:00,RB Leipzig,173,Borussia Dortmund,165,1,home,90,Red Bull Arena
2022,Quarter-finals,3,1008958,2023-04-05T18:45:00+00:00,Borussia Dortmund,165,RB Leipzig,173,0,away,90,Red Bull Arena
2022,Quarter-finals,3,1008959,2023-04-05T16:00:00+00:00,FC Nurnberg,171,VfB Stuttgart,172,0,home,90,Max-Morlock-Stadion
2022,Quarter-finals,3,1008959,2023-04-05T16:00:00+00:00,VfB Stuttgart,172,FC Nurnberg,171,1,away,90,Max-Morlock-Stadion
2022,Quarter-finals,3,1008960,2023-04-04T16:00:00+00:00,Eintracht Frankfurt,169,Union Berlin,182,1,home,90,Deutsche Bank Park
2022,Quarter-finals,3,1008960,2023-04-04T16:00:00+00:00,Union Berlin,182,Eintracht Frankfurt,169,0,away,90,Deutsche Bank Park
2022,Quarter-finals,3,1008961,2023-04-04T18:45:00+00:00,Bayern Munich,157,SC Freiburg,160,0,home,90,Allianz Arena
2022,Quarter-finals,3,1008961,2023-04-04T18:45:00+00:00,SC Freiburg,160,Bayern Munich,157,1,away,90,Allianz Arena
2022,Semi-finals,2,1021522,2023-05-02T18:45:00+00:00,SC Freiburg,160,RB Leipzig,173,0,home,90,Europa-Park Stadion
2022,Semi-finals,2,1021522,2023-05-02T18:45:00+00:00,RB Leipzig,173,SC Freiburg,160,1,away,90,Europa-Park Stadion
2022,Semi-finals,2,1021523,2023-05-03T18:45:00+00:00,VfB Stuttgart,172,Eintracht Frankfurt,169,0,home,90,Mercedes-Benz-Arena
2022,Semi-finals,2,1021523,2023-05-03T18:45:00+00:00,Eintracht Frankfurt,169,VfB Stuttgart,172,1,away,90,Mercedes-Benz-Arena
2022,Final,1,1025223,2023-06-03T18:00:00+00:00,RB Leipzig,173,Eintracht Frankfurt,169,1,home,90,Olympiastadion Berlin
2022,Final,1,1025223,2023-06-03T18:00:00+00:00,Eintracht Frankfurt,169,RB Leipzig,173,0,away,90,Olympiastadion Berlin
2023,Round of 16,4,1141474,2023-12-06T19:45:00+00:00,VfB Stuttgart,172,Borussia Dortmund,165,1,home,90,MHP Arena
2023,Round of 16,4,1141474,2023-12-06T19:45:00+00:00,Borussia Dortmund,165,VfB Stuttgart,172,0,away,90,MHP Arena
2023,Round of 16,4,1141475,2023-12-06T17:00:00+00:00,FC Saarbrücken,1639,Eintracht Frankfurt,169,1,home,90,Stadion Ludwigspark
2023,Round of 16,4,1141475,2023-12-06T17:00:00+00:00,Eintracht Frankfurt,169,FC Saarbrücken,1639,0,away,90,Stadion Ludwigspark
2023,Round of 16,4,1141476,2023-12-05T19:45:00+00:00,Borussia Monchengladbach,163,VfL Wolfsburg,161,1,home,120,Stadion im BORUSSIA-PARK
2023,Round of 16,4,1141476,2023-12-05T19:45:00+00:00,VfL Wolfsburg,161,Borussia Monchengladbach,163,0,away,120,Stadion im BORUSSIA-PARK
2023,Round of 16,4,1141477,2023-12-06T19:45:00+00:00,Hertha Berlin,159,Hamburger SV,175,1,home,120,Olympiastadion Berlin
2023,Round of 16,4,1141477,2023-12-06T19:45:00+00:00,Hamburger SV,175,Hertha Berlin,159,0,away,120,Olympiastadion Berlin
2023,Round of 16,4,1141478,2023-12-05T19:45:00+00:00,FC 08 Homburg,1634,FC St. Pauli,186,0,home,90,Waldstadion Homburg
2023,Round of 16,4,1141478,2023-12-05T19:45:00+00:00,FC St. Pauli,186,FC 08 Homburg,1634,1,away,90,Waldstadion Homburg
2023,Round of 16,4,1141479,2023-12-06T17:00:00+00:00,Bayer Leverkusen,168,SC Paderborn 07,185,1,home,90,BayArena
2023,Round of 16,4,1141479,2023-12-06T17:00:00+00:00,SC Paderborn 07,185,Bayer Leverkusen,168,0,away,90,BayArena
2023,Round of 16,4,1141480,2023-12-05T17:00:00+00:00,FC Kaiserslautern,745,FC Nurnberg,171,1,home,90,Fritz-Walter-Stadion
2023,Round of 16,4,1141480,2023-12-05T17:00:00+00:00,FC Nurnberg,171,FC Kaiserslautern,745,0,away,90,Fritz-Walter-Stadion
2023,Round of 16,4,1141481,2023-12-05T17:00:00+00:00,FC Magdeburg,179,Fortuna Dusseldorf,158,0,home,90,MDCC-Arena
2023,Round of 16,4,1141481,2023-12-05T17:00:00+00:00,Fortuna Dusseldorf,158,FC Magdeburg,179,1,away,90,MDCC-Arena
2023,Quarter-finals,3,1147021,2024-03-12T19:30:00+00:00,FC Saarbrücken,1639,Borussia Monchengladbach,163,1,home,90,Stadion Ludwigspark
2023,Quarter-finals,3,1147021,2024-03-12T19:30:00+00:00,Borussia Monchengladbach,163,FC Saarbrücken,1639,0,away,90,Stadion Ludwigspark
2023,Quarter-finals,3,1147022,2024-01-31T19:45:00+00:00,Hertha Berlin,159,FC Kaiserslautern,745,0,home,90,Olympiastadion Berlin
2023,Quarter-finals,3,1147022,2024-01-31T19:45:00+00:00,FC Kaiserslautern,745,Hertha Berlin,159,1,away,90,Olympiastadion Berlin
2023,Quarter-finals,3,1147023,2024-02-06T19:45:00+00:00,Bayer Leverkusen,168,VfB Stuttgart,172,1,home,90,BayArena
2023,Quarter-finals,3,1147023,2024-02-06T19:45:00+00:00,VfB Stuttgart,172,Bayer Leverkusen,168,0,away,90,BayArena
2023,Quarter-finals,3,1147024,2024-01-30T19:45:00+00:00,FC St. Pauli,186,Fortuna Dusseldorf,158,0,home,120,Millerntor-Stadion
2023,Quarter-finals,3,1147024,2024-01-30T19:45:00+00:00,Fortuna Dusseldorf,158,FC St. Pauli,186,1,away,120,Millerntor-Stadion
2023,Semi-finals,2,1173883,2024-04-03T18:45:00+00:00,Bayer Leverkusen,168,Fortuna Dusseldorf,158,1,home,90,BayArena
2023,Semi-finals,2,1173883,2024-04-03T18:45:00+00:00,Fortuna Dusseldorf,158,Bayer Leverkusen,168,0,away,90,BayArena
2023,Semi-finals,2,1184565,2024-04-02T18:45:00+00:00,FC Saarbrücken,1639,FC Kaiserslautern,745,0,home,90,Stadion Ludwigspark
2023,Semi-finals,2,1184565,2024-04-02T18:45:00+00:00,FC Kaiserslautern,745,FC Saarbrücken,1639,1,away,90,Stadion Ludwigspark
2023,Final,1,1193082,2024-05-25T18:00:00+00:00,FC Kaiserslautern,745,Bayer Leverkusen,168,0,home,90,Olympiastadion Berlin
2023,Final,1,1193082,2024-05-25T18:00:00+00:00,Bayer Leverkusen,168,FC Kaiserslautern,745,1,away,90,Olympiastadion Berlin
