year,round,stage,fixture_id,fixture_date,team_name,team_id,opponent_name,opponent_id,team_win,team_home,fixture_length,fixture_location,opponent_rank_prev,opponent_league_rank_prev,opponent_division,team_division,team_rank_prev,team_league_rank_prev,team_rank,team_league_rank,rank_diff,team_rank_diff,team_better,team_max_stage,next_fixture_date,next_opponent_name,next_fixture_days,next_team_win,next_team_points,distance,city,league,team_size,mean_age,foreigners,mean_value,total_value,extra_time
2012,8th Finals,4,559938,2012-12-18 19:30:00+00:00,Bayern Munich,157,FC Augsburg,170,1,0,90,SGL Arena,14.0,14.0,1.0,1.0,2.0,2.0,1.0,1.0,12.0,-1.0,1,4,2013-01-19 14:30:00+00:00,SpVgg Greuther Furth,31,1.0,3,52.0,Munich,Bundesliga,29.0,25.3,13.0,15.94,462.4,0
2012,Quarter-finals,3,559946,2013-02-27 19:30:00+00:00,Bayern Munich,157,Borussia Dortmund,165,1,1,90,Allianz-Arena,1.0,1.0,1.0,1.0,2.0,2.0,1.0,1.0,-1.0,-1.0,0,4,2013-03-03 14:30:00+00:00,1899 Hoffenheim,3,1.0,3,0.0,Munich,Bundesliga,29.0,25.3,13.0,15.94,462.4,0
2012,Semi-finals,2,559947,2013-04-16 18:30:00+00:00,Bayern Munich,157,VfL Wolfsburg,161,1,1,90,Allianz-Arena,8.0,8.0,1.0,1.0,2.0,2.0,1.0,1.0,6.0,-1.0,1,4,2013-04-20 13:30:00+00:00,Hannover 96,3,1.0,3,0.0,Munich,Bundesliga,29.0,25.3,13.0,15.94,462.4,0
2012,Final,1,559949,2013-06-01 18:00:00+00:00,Bayern Munich,157,VfB Stuttgart,172,1,1,90,Olympiastadion Berlin,6.0,6.0,1.0,1.0,2.0,2.0,1.0,1.0,4.0,-1.0,1,4,2013-08-09 18:30:00+00:00,Borussia Monchengladbach,69,1.0,3,0.0,Munich,Bundesliga,29.0,25.3,13.0,15.94,462.4,0
2013,8th Finals,4,559879,2013-12-04 19:30:00+00:00,Bayern Munich,157,FC Augsburg,170,1,0,90,SGL arena,15.0,15.0,1.0,1.0,1.0,1.0,1.0,1.0,14.0,0.0,1,4,2013-12-07 14:30:00+00:00,Werder Bremen,2,1.0,3,52.0,Munich,Bundesliga,33.0,24.8,16.0,16.88,556.88,0
2013,Quarter-finals,3,559883,2014-02-12 19:30:00+00:00,Bayern Munich,157,Hamburger SV,175,1,0,90,Imtech Arena,7.0,7.0,1.0,1.0,1.0,1.0,1.0,1.0,6.0,0.0,1,4,2014-02-15 14:30:00+00:00,SC Freiburg,2,1.0,3,618.0,Munich,Bundesliga,33.0,24.8,16.0,16.88,556.88,0
2013,Semi-finals,2,559885,2014-04-16 18:30:00+00:00,Bayern Munich,157,FC Kaiserslautern,745,1,1,90,Allianz-Arena,21.0,3.0,2.0,1.0,1.0,1.0,1.0,1.0,20.0,0.0,1,4,2014-04-19 13:30:00+00:00,Eintracht Braunschweig,2,1.0,3,0.0,Munich,Bundesliga,33.0,24.8,16.0,16.88,556.88,0
2013,Final,1,559886,2014-05-17 18:00:00+00:00,Bayern Munich,157,Borussia Dortmund,165,1,0,120,Olympiastadion Berlin,2.0,2.0,1.0,1.0,1.0,1.0,1.0,1.0,1.0,0.0,1,4,2014-08-22 18:30:00+00:00,VfL Wolfsburg,97,1.0,3,473.0,Munich,Bundesliga,33.0,24.8,16.0,16.88,556.88,1
2014,8th Finals,4,559816,2015-03-04 19:30:00+00:00,Bayern Munich,157,Eintracht Braunschweig,744,1,1,90,Allianz-Arena,18.0,18.0,1.0,1.0,1.0,1.0,1.0,1.0,17.0,0.0,1,4,2015-03-07 14:30:00+00:00,Hannover 96,2,1.0,3,0.0,Munich,Bundesliga,33.0,25.5,17.0,17.43,575.13,0
2014,Quarter-finals,3,559820,2015-04-08 18:30:00+00:00,Bayern Munich,157,Bayer Leverkusen,168,1,0,120,BayArena,4.0,4.0,1.0,1.0,1.0,1.0,1.0,1.0,3.0,0.0,1,4,2015-04-11 13:30:00+00:00,Eintracht Frankfurt,2,1.0,3,456.0,Munich,Bundesliga,33.0,25.5,17.0,17.43,575.13,1
2014,Semi-finals,2,559821,2015-04-28 18:30:00+00:00,Bayern Munich,157,Borussia Dortmund,165,0,1,120,Allianz-Arena,2.0,2.0,1.0,1.0,1.0,1.0,1.0,1.0,1.0,0.0,1,4,2015-05-02 16:30:00+00:00,Bayer Leverkusen,3,0.0,0,0.0,Munich,Bundesliga,33.0,25.5,17.0,17.43,575.13,1
2015,3rd Round,4,559756,2015-12-15 19:30:00+00:00,Bayern Munich,157,SV Darmstadt 98,181,1,1,90,Allianz-Arena,20.0,2.0,2.0,1.0,1.0,1.0,1.0,1.0,19.0,0.0,1,4,2015-12-19 14:30:00+00:00,Hannover 96,3,1.0,3,0.0,Munich,Bundesliga,34.0,25.9,19.0,17.53,596.05,0
2015,Quarter-finals,3,559749,2016-02-10 19:30:00+00:00,Bayern Munich,157,Vfl Bochum,176,1,0,90,rewirpowerSTADION,29.0,11.0,2.0,1.0,1.0,1.0,1.0,1.0,28.0,0.0,1,4,2016-02-14 16:30:00+00:00,FC Augsburg,3,1.0,3,482.0,Munich,Bundesliga,34.0,25.9,19.0,17.53,596.05,0
2015,Semi-finals,2,559750,2016-04-19 18:30:00+00:00,Bayern Munich,157,Werder Bremen,162,1,1,90,Allianz-Arena,10.0,10.0,1.0,1.0,1.0,1.0,1.0,1.0,9.0,0.0,1,4,2016-04-23 13:30:00+00:00,Hertha Berlin,3,1.0,3,0.0,Munich,Bundesliga,34.0,25.9,19.0,17.53,596.05,0
2015,Final,1,559752,2016-05-21 18:00:00+00:00,Bayern Munich,157,Borussia Dortmund,165,1,1,120,Olympiastadion Berlin,7.0,7.0,1.0,1.0,1.0,1.0,1.0,1.0,6.0,0.0,1,4,2016-08-26 18:30:00+00:00,Werder Bremen,97,1.0,3,0.0,Munich,Bundesliga,34.0,25.9,19.0,17.53,596.05,1
2016,3rd Round,4,57360,2017-02-07 19:45:00+00:00,Bayern Munich,157,VfL Wolfsburg,161,1,1,90,Allianz Arena,8.0,8.0,1.0,1.0,1.0,1.0,1.0,1.0,7.0,0.0,1,4,2017-02-11 14:30:00+00:00,FC Ingolstadt 04,3,1.0,3,0.0,Munich,Bundesliga,33.0,26.1,19.0,17.05,562.55,0
2016,Quarter-finals,3,57353,2017-03-01 19:45:00+00:00,Bayern Munich,157,FC Schalke 04,174,1,1,90,Allianz Arena,5.0,5.0,1.0,1.0,1.0,1.0,1.0,1.0,4.0,0.0,1,4,2017-03-04 14:30:00+00:00,1.FC Köln,2,1.0,3,0.0,Munich,Bundesliga,33.0,26.1,19.0,17.05,562.55,0
2016,Semi-finals,2,57350,2017-04-26 18:45:00+00:00,Bayern Munich,157,Borussia Dortmund,165,0,1,90,Allianz Arena,2.0,2.0,1.0,1.0,1.0,1.0,1.0,1.0,1.0,0.0,1,4,2017-04-29 16:30:00+00:00,VfL Wolfsburg,2,1.0,3,0.0,Munich,Bundesliga,33.0,26.1,19.0,17.05,562.55,0
2017,3rd Round,4,57406,2017-12-20 19:45:00+00:00,Bayern Munich,157,Borussia Dortmund,165,1,1,90,Allianz Arena (München),3.0,3.0,1.0,1.0,1.0,1.0,1.0,1.0,2.0,0.0,1,4,2018-01-12 19:30:00+00:00,Bayer Leverkusen,22,1.0,3,0.0,Munich,Bundesliga,38.0,24.7,19.0,21.36,811.85,0
2017,Quarter-finals,3,57405,2018-02-06 17:30:00+00:00,Bayern Munich,157,SC Paderborn 07,185,1,0,90,Benteler-Arena (Paderborn),54.0,18.0,3.0,1.0,1.0,1.0,1.0,1.0,53.0,0.0,1,4,2018-02-10 17:30:00+00:00,FC Schalke 04,4,1.0,3,441.0,Munich,Bundesliga,38.0,24.7,19.0,21.36,811.85,0
2017,Semi-finals,2,57401,2018-04-17 18:45:00+00:00,Bayern Munich,157,Bayer Leverkusen,168,1,0,90,BayArena (Leverkusen),12.0,12.0,1.0,1.0,1.0,1.0,1.0,1.0,11.0,0.0,1,4,2018-04-21 13:30:00+00:00,Hannover 96,3,1.0,3,456.0,Munich,Bundesliga,38.0,24.7,19.0,21.36,811.85,0
2017,Final,1,57399,2018-05-19 18:00:00+00:00,Bayern Munich,157,Eintracht Frankfurt,169,0,1,90,Olympiastadion Berlin (Berlin),11.0,11.0,1.0,1.0,1.0,1.0,1.0,1.0,10.0,0.0,1,4,2018-08-24 18:30:00+00:00,1899 Hoffenheim,97,1.0,3,0.0,Munich,Bundesliga,38.0,24.7,19.0,21.36,811.85,0
2018,3rd Round,4,57517,2019-02-06 19:45:00+00:00,Bayern Munich,157,Hertha Berlin,159,1,0,120,Olympiastadion,10.0,10.0,1.0,1.0,1.0,1.0,1.0,1.0,9.0,0.0,1,4,2019-02-09 17:30:00+00:00,FC Schalke 04,2,1.0,3,498.0,Munich,Bundesliga,32.0,25.7,15.0,24.53,784.88,1
2018,Quarter-finals,3,107273,2019-04-03 16:30:00+00:00,Bayern Munich,157,FC Heidenheim,180,1,1,90,Allianz Arena,28.0,10.0,2.0,1.0,1.0,1.0,1.0,1.0,27.0,0.0,1,4,2019-04-06 16:30:00+00:00,Borussia Dortmund,3,1.0,3,0.0,Munich,Bundesliga,32.0,25.7,15.0,24.53,784.88,0
2018,Semi-finals,2,108266,2019-04-24 18:45:00+00:00,Bayern Munich,157,Werder Bremen,162,1,0,90,Weser-Stadion,11.0,11.0,1.0,1.0,1.0,1.0,1.0,1.0,10.0,0.0,1,4,2019-04-28 16:00:00+00:00,FC Nurnberg,3,,1,576.0,Munich,Bundesliga,32.0,25.7,15.0,24.53,784.88,0
2018,Final,1,113989,2019-05-25 18:00:00+00:00,Bayern Munich,157,RB Leipzig,173,1,0,90,Olympiastadion,6.0,6.0,1.0,1.0,1.0,1.0,1.0,1.0,5.0,0.0,1,4,2019-08-16 18:30:00+00:00,Hertha Berlin,83,,1,357.0,Munich,Bundesliga,32.0,25.7,15.0,24.53,784.88,0
2019,3rd Round,4,250167,2020-02-05 19:45:00+00:00,Bayern Munich,157,1899 Hoffenheim,167,1,1,90,Allianz Arena,9.0,9.0,1.0,1.0,1.0,1.0,1.0,1.0,8.0,0.0,1,4,2020-02-09 17:00:00+00:00,RB Leipzig,3,,1,0.0,Munich,Bundesliga,38.0,23.7,21.0,20.46,777.33,0
2019,Quarter-finals,3,324068,2020-03-03 19:45:00+00:00,Bayern Munich,157,FC Schalke 04,174,1,0,90,VELTINS-Arena,14.0,14.0,1.0,1.0,1.0,1.0,1.0,1.0,13.0,0.0,1,4,2020-03-08 14:30:00+00:00,FC Augsburg,4,1.0,3,489.0,Munich,Bundesliga,38.0,23.7,21.0,20.46,777.33,0
2019,Semi-finals,2,354884,2020-06-10 18:45:00+00:00,Bayern Munich,157,Eintracht Frankfurt,169,1,1,90,Allianz Arena,7.0,7.0,1.0,1.0,1.0,1.0,1.0,1.0,6.0,0.0,1,4,2020-06-13 16:30:00+00:00,Borussia Monchengladbach,2,1.0,3,0.0,Munich,Bundesliga,38.0,23.7,21.0,20.46,777.33,0
2019,Final,1,564163,2020-07-04 18:00:00+00:00,Bayern Munich,157,Bayer Leverkusen,168,1,0,90,Olympiastadion Berlin,4.0,4.0,1.0,1.0,1.0,1.0,1.0,1.0,3.0,0.0,1,4,2020-09-18 18:30:00+00:00,FC Schalke 04,76,1.0,3,456.0,Munich,Bundesliga,38.0,23.7,21.0,20.46,777.33,0
2022,Round of 16,4,968259,2023-02-01 19:45:00+00:00,Bayern Munich,157,FSV Mainz 05,164,1,0,90,MEWA ARENA,8.0,8.0,1.0,1.0,1.0,1.0,1.0,1.0,7.0,0.0,1,4,2023-02-05 16:30:00+00:00,VfL Wolfsburg,3,1.0,3,314.0,Munich,Bundesliga,35.0,25.3,22.0,27.11,948.95,0
2022,Quarter-finals,3,1008961,2023-04-04 18:45:00+00:00,Bayern Munich,157,SC Freiburg,160,0,1,90,Allianz Arena,6.0,6.0,1.0,1.0,1.0,1.0,1.0,1.0,5.0,0.0,1,4,2023-04-08 13:30:00+00:00,SC Freiburg,3,1.0,3,0.0,Munich,Bundesliga,35.0,25.3,22.0,27.11,948.95,0
2012,8th Finals,4,559937,2012-12-18 19:30:00+00:00,Fortuna Dusseldorf,158,Kickers Offenbach,1628,0,0,90,Sparda-Bank-Hessen-Stadion,44.0,8.0,3.0,2.0,21.0,3.0,17.0,17.0,23.0,-4.0,1,4,2013-01-20 16:30:00+00:00,FC Augsburg,32,0.0,0,186.0,Düsseldorf,Bundesliga,35.0,25.7,20.0,0.89,31.15,0
2018,3rd Round,4,57516,2019-02-06 19:45:00+00:00,Fortuna Dusseldorf,158,FC Schalke 04,174,0,0,90,VELTINS-Arena,2.0,2.0,1.0,2.0,19.0,1.0,10.0,10.0,-17.0,-9.0,0,4,2019-02-10 17:00:00+00:00,VfB Stuttgart,3,1.0,3,37.0,Düsseldorf,Bundesliga,34.0,26.3,17.0,2.79,94.9,0
2019,3rd Round,4,250170,2020-02-04 17:30:00+00:00,Fortuna Dusseldorf,158,FC Kaiserslautern,745,1,0,90,Fritz-Walter-Stadion,45.0,9.0,3.0,1.0,10.0,10.0,17.0,17.0,35.0,7.0,1,4,2020-02-08 14:30:00+00:00,VfL Wolfsburg,3,,1,210.0,Düsseldorf,Bundesliga,37.0,26.2,17.0,1.94,71.73,0
2019,Quarter-finals,3,324067,2020-03-03 17:30:00+00:00,Fortuna Dusseldorf,158,FC Saarbrucken,1639,0,0,120,Hermann-Neuberger-Stadion,21.0,0.0,4.0,1.0,10.0,10.0,17.0,17.0,11.0,7.0,1,4,2020-03-08 17:00:00+00:00,FSV Mainz 05,4,,1,222.0,Düsseldorf,Bundesliga,37.0,26.2,17.0,1.94,71.73,1
2022,Round of 16,4,968261,2023-02-08 17:00:00+00:00,Fortuna Dusseldorf,158,FC Nurnberg,171,0,0,120,Max-Morlock-Stadion,26.0,8.0,2.0,2.0,28.0,10.0,22.0,4.0,-2.0,-6.0,1,4,2023-02-12 12:30:00+00:00,SV Sandhausen,3,1.0,3,366.0,Düsseldorf,Bundesliga_2,33.0,25.5,15.0,0.888,29.3,1
2023,Round of 16,4,1141481,2023-12-05 17:00:00+00:00,Fortuna Dusseldorf,158,FC Magdeburg,179,1,0,90,MDCC-Arena,29.0,11.0,2.0,2.0,22.0,4.0,21.0,3.0,7.0,-1.0,1,4,2023-12-10 12:30:00+00:00,Holstein Kiel,4,0.0,0,,Düsseldorf,,,,,,,0
2023,Quarter-finals,3,1147024,2024-01-30 19:45:00+00:00,Fortuna Dusseldorf,158,FC St. Pauli,186,1,0,120,Millerntor-Stadion,23.0,5.0,2.0,2.0,22.0,4.0,21.0,3.0,1.0,-1.0,1,4,2024-02-04 12:30:00+00:00,SC Paderborn 07,4,0.0,0,,Düsseldorf,,,,,,,1
2023,Semi-finals,2,1173883,2024-04-03 18:45:00+00:00,Fortuna Dusseldorf,158,Bayer Leverkusen,168,0,0,90,BayArena,6.0,6.0,1.0,2.0,22.0,4.0,21.0,3.0,-16.0,-1.0,0,4,2024-04-07 11:30:00+00:00,Eintracht Braunschweig,3,1.0,3,,Düsseldorf,,,,,,,0
2015,3rd Round,4,559757,2015-12-16 18:00:00+00:00,Hertha Berlin,159,FC Nurnberg,171,1,0,90,Grundig-Stadion,27.0,9.0,2.0,1.0,15.0,15.0,7.0,7.0,12.0,-8.0,1,4,2015-12-20 14:30:00+00:00,FSV Mainz 05,3,1.0,3,373.0,Berlin,Bundesliga,34.0,25.3,15.0,2.32,78.93,0
2015,Quarter-finals,3,559748,2016-02-10 18:00:00+00:00,Hertha Berlin,159,FC Heidenheim,180,1,0,90,Voith-Arena,26.0,8.0,2.0,1.0,15.0,15.0,7.0,7.0,11.0,-8.0,1,4,2016-02-13 14:30:00+00:00,VfB Stuttgart,2,0.0,0,481.0,Berlin,Bundesliga,34.0,25.3,15.0,2.32,78.93,0
2015,Semi-finals,2,559751,2016-04-20 18:30:00+00:00,Hertha Berlin,159,Borussia Dortmund,165,0,1,90,Olympiastadion Berlin,7.0,7.0,1.0,1.0,15.0,15.0,7.0,7.0,-8.0,-8.0,0,4,2016-04-23 13:30:00+00:00,Bayern Munich,2,0.0,0,0.0,Berlin,Bundesliga,34.0,25.3,15.0,2.32,78.93,0
2016,3rd Round,4,57356,2017-02-08 19:45:00+00:00,Hertha Berlin,159,Borussia Dortmund,165,0,0,120,Signal Iduna Park,2.0,2.0,1.0,1.0,7.0,7.0,6.0,6.0,-5.0,-1.0,0,4,2017-02-11 17:30:00+00:00,FC Schalke 04,2,0.0,0,419.0,Berlin,Bundesliga,33.0,25.0,16.0,2.93,96.53,1
2018,3rd Round,4,57517,2019-02-06 19:45:00+00:00,Hertha Berlin,159,Bayern Munich,157,0,1,120,Olympiastadion,1.0,1.0,1.0,1.0,10.0,10.0,11.0,11.0,-9.0,1.0,0,4,2019-02-09 14:30:00+00:00,Borussia Monchengladbach,2,1.0,3,0.0,Berlin,Bundesliga,36.0,24.4,20.0,5.77,207.63,1
2019,3rd Round,4,313878,2020-02-04 19:45:00+00:00,Hertha Berlin,159,FC Schalke 04,174,0,0,120,VELTINS-Arena,14.0,14.0,1.0,1.0,11.0,11.0,10.0,10.0,3.0,-1.0,1,4,2020-02-08 14:30:00+00:00,FSV Mainz 05,3,0.0,0,436.0,Berlin,Bundesliga,42.0,24.2,23.0,5.17,217.2,1
2021,Round of 16,4,810122,2022-01-19 19:45:00+00:00,Hertha Berlin,159,Union Berlin,182,0,1,90,Olympiastadion Berlin,7.0,7.0,1.0,1.0,14.0,14.0,16.0,16.0,-7.0,2.0,0,4,2022-01-23 16:30:00+00:00,Bayern Munich,3,0.0,0,0.0,Berlin,Bundesliga,45.0,24.7,22.0,3.46,155.78,0
2023,Round of 16,4,1141477,2023-12-06 19:45:00+00:00,Hertha Berlin,159,Hamburger SV,175,1,1,120,Olympiastadion Berlin,21.0,3.0,2.0,1.0,18.0,18.0,27.0,9.0,3.0,9.0,0,4,2023-12-09 12:00:00+00:00,FC Kaiserslautern,2,1.0,3,0.0,Berlin,,,,,,,1
2023,Quarter-finals,3,1147022,2024-01-31 19:45:00+00:00,Hertha Berlin,159,FC Kaiserslautern,745,0,1,90,Olympiastadion Berlin,27.0,9.0,2.0,1.0,18.0,18.0,27.0,9.0,9.0,9.0,0,4,2024-02-03 19:30:00+00:00,Hamburger SV,2,0.0,0,0.0,Berlin,,,,,,,0
2012,8th Finals,4,559935,2012-12-18 18:00:00+00:00,SC Freiburg,160,Karlsruher SC,785,1,0,90,Wildparkstadion,34.0,16.0,2.0,1.0,12.0,12.0,5.0,5.0,22.0,-7.0,1,4,2013-01-19 14:30:00+00:00,FSV Mainz 05,31,,1,121.0,Freiburg,Bundesliga,32.0,24.1,15.0,2.06,65.8,0
2012,Quarter-finals,3,559943,2013-02-26 18:00:00+00:00,SC Freiburg,160,FSV Mainz 05,164,1,0,120,Coface Arena,13.0,13.0,1.0,1.0,12.0,12.0,5.0,5.0,1.0,-7.0,1,4,2013-03-02 14:30:00+00:00,FC Nurnberg,3,,1,225.0,Freiburg,Bundesliga,32.0,24.1,15.0,2.06,65.8,1
2012,Semi-finals,2,559948,2013-04-17 18:30:00+00:00,SC Freiburg,160,VfB Stuttgart,172,0,0,90,Mercedes-Benz-Arena,6.0,6.0,1.0,1.0,12.0,12.0,5.0,5.0,-6.0,-7.0,1,4,2013-04-21 13:30:00+00:00,VfB Stuttgart,3,0.0,0,133.0,Freiburg,Bundesliga,32.0,24.1,15.0,2.06,65.8,0
2013,8th Finals,4,559876,2013-12-04 18:00:00+00:00,SC Freiburg,160,Bayer Leverkusen,168,0,1,90,MAGE SOLAR Stadion,3.0,3.0,1.0,1.0,5.0,5.0,14.0,14.0,-2.0,9.0,0,4,2013-12-08 14:30:00+00:00,VfL Wolfsburg,3,0.0,0,0.0,Freiburg,Bundesliga,35.0,23.7,16.0,2.05,71.68,0
2014,8th Finals,4,559811,2015-03-03 19:30:00+00:00,SC Freiburg,160,1.FC Köln,192,1,1,90,Schwarzwald-Stadion,19.0,1.0,2.0,1.0,14.0,14.0,17.0,17.0,5.0,3.0,1,4,2015-03-07 14:30:00+00:00,Werder Bremen,3,0.0,0,0.0,Freiburg,Bundesliga,30.0,25.1,13.0,1.91,57.4,0
2014,Quarter-finals,3,559817,2015-04-07 17:00:00+00:00,SC Freiburg,160,VfL Wolfsburg,161,0,0,90,VOLKSWAGEN ARENA,5.0,5.0,1.0,1.0,14.0,14.0,17.0,17.0,-9.0,3.0,0,4,2015-04-11 13:30:00+00:00,FC Schalke 04,3,,1,535.0,Freiburg,Bundesliga,30.0,25.1,13.0,1.91,57.4,0
2017,3rd Round,4,57409,2017-12-20 17:30:00+00:00,SC Freiburg,160,Werder Bremen,162,0,0,90,Weserstadion (Bremen),8.0,8.0,1.0,1.0,7.0,7.0,15.0,15.0,1.0,8.0,0,4,2018-01-13 14:30:00+00:00,Eintracht Frankfurt,23,,1,569.0,Freiburg,Bundesliga,36.0,25.5,14.0,2.79,100.6,0
2021,Round of 16,4,810118,2022-01-19 19:45:00+00:00,SC Freiburg,160,1899 Hoffenheim,167,1,0,90,PreZero Arena,11.0,11.0,1.0,1.0,10.0,10.0,6.0,6.0,1.0,-4.0,1,4,2022-01-22 14:30:00+00:00,VfB Stuttgart,2,1.0,3,159.0,Freiburg,Bundesliga,32.0,25.0,12.0,5.51,176.35,0
2021,Quarter-finals,3,832030,2022-03-02 19:45:00+00:00,SC Freiburg,160,Vfl Bochum,176,1,0,120,Vonovia Ruhrstadion,19.0,1.0,2.0,1.0,10.0,10.0,6.0,6.0,9.0,-4.0,1,4,2022-03-05 14:30:00+00:00,RB Leipzig,2,,1,394.0,Freiburg,Bundesliga,32.0,25.0,12.0,5.51,176.35,1
2021,Semi-finals,2,847641,2022-04-19 18:45:00+00:00,SC Freiburg,160,Hamburger SV,175,1,0,90,Volksparkstadion,22.0,4.0,2.0,1.0,10.0,10.0,6.0,6.0,12.0,-4.0,1,4,2022-04-23 13:30:00+00:00,Borussia Monchengladbach,3,,1,647.0,Freiburg,Bundesliga,32.0,25.0,12.0,5.51,176.35,0
2021,Final,1,858630,2022-05-21 18:00:00+00:00,SC Freiburg,160,RB Leipzig,173,0,1,120,Olympiastadion Berlin,2.0,2.0,1.0,1.0,10.0,10.0,6.0,6.0,-8.0,-4.0,0,4,2022-08-06 13:30:00+00:00,FC Augsburg,76,1.0,3,0.0,Freiburg,Bundesliga,32.0,25.0,12.0,5.51,176.35,1
2022,Round of 16,4,968254,2023-02-07 17:00:00+00:00,SC Freiburg,160,SV Sandhausen,189,1,0,90,BWT-Stadion am Hardtwald,32.0,14.0,2.0,1.0,6.0,6.0,5.0,5.0,26.0,-1.0,1,4,2023-02-11 14:30:00+00:00,VfB Stuttgart,3,1.0,3,159.0,Freiburg,Bundesliga,29.0,26.0,11.0,6.93,200.95,0
2022,Quarter-finals,3,1008961,2023-04-04 18:45:00+00:00,SC Freiburg,160,Bayern Munich,157,1,0,90,Allianz Arena,1.0,1.0,1.0,1.0,6.0,6.0,5.0,5.0,-5.0,-1.0,0,4,2023-04-08 13:30:00+00:00,Bayern Munich,3,0.0,0,272.0,Freiburg,Bundesliga,29.0,26.0,11.0,6.93,200.95,0
2022,Semi-finals,2,1021522,2023-05-02 18:45:00+00:00,SC Freiburg,160,RB Leipzig,173,0,1,90,Europa-Park Stadion,4.0,4.0,1.0,1.0,6.0,6.0,5.0,5.0,-2.0,-1.0,0,4,2023-05-06 13:30:00+00:00,RB Leipzig,3,0.0,0,0.0,Freiburg,Bundesliga,29.0,26.0,11.0,6.93,200.95,0
2012,8th Finals,4,559939,2012-12-19 18:00:00+00:00,VfL Wolfsburg,161,Bayer Leverkusen,168,1,1,90,VOLKSWAGEN ARENA,5.0,5.0,1.0,1.0,8.0,8.0,11.0,11.0,-3.0,3.0,0,4,2013-01-19 14:30:00+00:00,VfB Stuttgart,30,1.0,3,0.0,Wolfsburg,Bundesliga,36.0,25.8,26.0,3.03,109.0,0
2012,Quarter-finals,3,559944,2013-02-26 19:30:00+00:00,VfL Wolfsburg,161,Kickers Offenbach,1628,1,0,90,Sparda-Bank-Hessen-Stadion,44.0,8.0,3.0,1.0,8.0,8.0,11.0,11.0,36.0,3.0,1,4,2013-03-02 14:30:00+00:00,FC Schalke 04,3,0.0,0,295.0,Wolfsburg,Bundesliga,36.0,25.8,26.0,3.03,109.0,0
2012,Semi-finals,2,559947,2013-04-16 18:30:00+00:00,VfL Wolfsburg,161,Bayern Munich,157,0,0,90,Allianz-Arena,2.0,2.0,1.0,1.0,8.0,8.0,11.0,11.0,-6.0,3.0,0,4,2013-04-20 16:30:00+00:00,Werder Bremen,3,1.0,3,475.0,Wolfsburg,Bundesliga,36.0,25.8,26.0,3.03,109.0,0
2013,8th Finals,4,559877,2013-12-04 18:00:00+00:00,VfL Wolfsburg,161,FC Ingolstadt 04,184,1,1,90,VOLKSWAGEN ARENA,31.0,13.0,2.0,1.0,11.0,11.0,5.0,5.0,20.0,-6.0,1,4,2013-12-08 14:30:00+00:00,SC Freiburg,3,1.0,3,0.0,Wolfsburg,Bundesliga,36.0,25.1,24.0,4.31,155.23,0
2013,Quarter-finals,3,559881,2014-02-12 18:00:00+00:00,VfL Wolfsburg,161,1899 Hoffenheim,167,1,0,90,Wirsol Rhein-Neckar-Arena,16.0,16.0,1.0,1.0,11.0,11.0,5.0,5.0,5.0,-6.0,1,4,2014-02-16 16:30:00+00:00,Hertha Berlin,3,1.0,3,377.0,Wolfsburg,Bundesliga,36.0,25.1,24.0,4.31,155.23,0
2013,Semi-finals,2,559884,2014-04-15 18:30:00+00:00,VfL Wolfsburg,161,Borussia Dortmund,165,0,0,90,Signal-Iduna-Park,2.0,2.0,1.0,1.0,11.0,11.0,5.0,5.0,-9.0,-6.0,0,4,2014-04-19 16:30:00+00:00,Hamburger SV,3,1.0,3,258.0,Wolfsburg,Bundesliga,36.0,25.1,24.0,4.31,155.23,0
2014,8th Finals,4,559813,2015-03-04 18:00:00+00:00,VfL Wolfsburg,161,RB Leipzig,173,1,0,90,Red Bull Arena,38.0,2.0,3.0,1.0,5.0,5.0,2.0,2.0,33.0,-3.0,1,4,2015-03-07 14:30:00+00:00,FC Augsburg,2,0.0,0,161.0,Wolfsburg,Bundesliga,30.0,25.9,18.0,7.37,221.05,0
2014,Quarter-finals,3,559817,2015-04-07 17:00:00+00:00,VfL Wolfsburg,161,SC Freiburg,160,1,1,90,VOLKSWAGEN ARENA,14.0,14.0,1.0,1.0,5.0,5.0,2.0,2.0,9.0,-3.0,1,4,2015-04-11 16:30:00+00:00,Hamburger SV,3,1.0,3,0.0,Wolfsburg,Bundesliga,30.0,25.9,18.0,7.37,221.05,0
2014,Semi-finals,2,559822,2015-04-29 18:30:00+00:00,VfL Wolfsburg,161,Arminia Bielefeld,188,1,0,90,SchücoArena,34.0,16.0,2.0,1.0,5.0,5.0,2.0,2.0,29.0,-3.0,1,4,2015-05-02 13:30:00+00:00,Hannover 96,2,,1,163.0,Wolfsburg,Bundesliga,30.0,25.9,18.0,7.37,221.05,0
2014,Final,1,559823,2015-05-30 18:00:00+00:00,VfL Wolfsburg,161,Borussia Dortmund,165,1,0,90,Olympiastadion Berlin,2.0,2.0,1.0,1.0,5.0,5.0,2.0,2.0,-3.0,-3.0,0,4,2015-08-16 13:30:00+00:00,Eintracht Frankfurt,77,1.0,3,258.0,Wolfsburg,Bundesliga,30.0,25.9,18.0,7.37,221.05,0
2016,3rd Round,4,57360,2017-02-07 19:45:00+00:00,VfL Wolfsburg,161,Bayern Munich,157,0,0,90,Allianz Arena,1.0,1.0,1.0,1.0,8.0,8.0,16.0,16.0,-7.0,8.0,0,4,2017-02-12 14:30:00+00:00,1899 Hoffenheim,4,1.0,3,475.0,Wolfsburg,Bundesliga,43.0,24.5,21.0,4.72,203.08,0
2017,3rd Round,4,57410,2017-12-19 19:45:00+00:00,VfL Wolfsburg,161,FC Nurnberg,171,1,0,120,Max-Morlock-Stadion (Nürnberg),30.0,12.0,2.0,1.0,16.0,16.0,16.0,16.0,14.0,0.0,1,4,2018-01-14 17:00:00+00:00,Borussia Dortmund,25,,1,333.0,Wolfsburg,Bundesliga,33.0,24.3,20.0,4.35,143.6,1
2017,Quarter-finals,3,57402,2018-02-07 19:45:00+00:00,VfL Wolfsburg,161,FC Schalke 04,174,0,0,90,VELTINS-Arena (Gelsenkirchen),10.0,10.0,1.0,1.0,16.0,16.0,16.0,16.0,-6.0,0.0,0,4,2018-02-11 17:00:00+00:00,Werder Bremen,3,0.0,0,274.0,Wolfsburg,Bundesliga,33.0,24.3,20.0,4.35,143.6,0
2018,3rd Round,4,57515,2019-02-06 17:30:00+00:00,VfL Wolfsburg,161,RB Leipzig,173,0,0,90,Red Bull Arena,6.0,6.0,1.0,1.0,16.0,16.0,6.0,6.0,-10.0,-10.0,0,4,2019-02-09 14:30:00+00:00,SC Freiburg,2,,1,161.0,Wolfsburg,Bundesliga,36.0,25.1,23.0,6.37,229.25,0
2020,Round of 16,4,655488,2021-02-03 17:30:00+00:00,VfL Wolfsburg,161,FC Schalke 04,174,1,1,90,VOLKSWAGEN ARENA,12.0,12.0,1.0,1.0,7.0,7.0,4.0,4.0,5.0,-3.0,1,4,2021-02-06 14:30:00+00:00,FC Augsburg,2,1.0,3,0.0,Wolfsburg,Bundesliga,30.0,26.0,20.0,8.56,256.83,0
2020,Quarter-finals,3,675017,2021-03-03 19:45:00+00:00,VfL Wolfsburg,161,RB Leipzig,173,0,0,90,Red Bull Arena,3.0,3.0,1.0,1.0,7.0,7.0,4.0,4.0,-4.0,-3.0,0,4,2021-03-06 14:30:00+00:00,1899 Hoffenheim,2,0.0,0,161.0,Wolfsburg,Bundesliga,30.0,26.0,20.0,8.56,256.83,0
2022,Round of 16,4,968256,2023-01-31 19:45:00+00:00,VfL Wolfsburg,161,Union Berlin,182,0,0,90,Stadion An der Alten Försterei,5.0,5.0,1.0,1.0,12.0,12.0,8.0,8.0,-7.0,-4.0,0,4,2023-02-05 16:30:00+00:00,Bayern Munich,4,0.0,0,188.0,Wolfsburg,Bundesliga,33.0,24.7,20.0,7.22,238.3,0
2023,Round of 16,4,1141476,2023-12-05 19:45:00+00:00,VfL Wolfsburg,161,Borussia Monchengladbach,163,0,0,120,Stadion im BORUSSIA-PARK,10.0,10.0,1.0,1.0,8.0,8.0,12.0,12.0,2.0,4.0,0,4,2023-12-09 14:30:00+00:00,SC Freiburg,3,0.0,0,,Wolfsburg,,,,,,,1
2014,8th Finals,4,559814,2015-03-04 18:00:00+00:00,Werder Bremen,162,Arminia Bielefeld,188,0,0,90,SchücoArena,34.0,16.0,2.0,1.0,12.0,12.0,10.0,10.0,22.0,-2.0,1,4,2015-03-07 14:30:00+00:00,SC Freiburg,2,1.0,3,119.0,Bremen,Bundesliga,36.0,23.9,16.0,1.88,67.53,0
2015,3rd Round,4,559754,2015-12-15 18:15:00+00:00,Werder Bremen,162,Borussia Monchengladbach,163,1,0,90,Stadion im BORUSSIA-PARK,3.0,3.0,1.0,1.0,10.0,10.0,13.0,13.0,-7.0,3.0,0,4,2015-12-19 14:30:00+00:00,Eintracht Frankfurt,3,0.0,0,269.0,Bremen,Bundesliga,39.0,24.6,19.0,1.66,64.68,0
2015,Quarter-finals,3,559746,2016-02-09 18:00:00+00:00,Werder Bremen,162,Bayer Leverkusen,168,1,0,90,BayArena,4.0,4.0,1.0,1.0,10.0,10.0,13.0,13.0,-6.0,3.0,0,4,2016-02-13 14:30:00+00:00,1899 Hoffenheim,3,,1,261.0,Bremen,Bundesliga,39.0,24.6,19.0,1.66,64.68,0
2015,Semi-finals,2,559750,2016-04-19 18:30:00+00:00,Werder Bremen,162,Bayern Munich,157,0,0,90,Allianz-Arena,1.0,1.0,1.0,1.0,10.0,10.0,13.0,13.0,-9.0,3.0,0,4,2016-04-22 18:30:00+00:00,Hamburger SV,3,0.0,0,576.0,Bremen,Bundesliga,39.0,24.6,19.0,1.66,64.68,0
2017,3rd Round,4,57409,2017-12-20 17:30:00+00:00,Werder Bremen,162,SC Freiburg,160,1,1,90,Weserstadion (Bremen),7.0,7.0,1.0,1.0,8.0,8.0,11.0,11.0,-1.0,3.0,0,4,2018-01-13 14:30:00+00:00,1899 Hoffenheim,23,,1,0.0,Bremen,Bundesliga,33.0,25.6,19.0,3.25,107.15,0
2017,Quarter-finals,3,57404,2018-02-06 19:45:00+00:00,Werder Bremen,162,Bayer Leverkusen,168,0,0,120,BayArena (Leverkusen),12.0,12.0,1.0,1.0,8.0,8.0,11.0,11.0,4.0,3.0,1,4,2018-02-11 17:00:00+00:00,VfL Wolfsburg,4,1.0,3,261.0,Bremen,Bundesliga,33.0,25.6,19.0,3.25,107.15,1
2018,3rd Round,4,57512,2019-02-05 19:45:00+00:00,Werder Bremen,162,Borussia Dortmund,165,1,0,120,Signal Iduna Park,4.0,4.0,1.0,1.0,11.0,11.0,8.0,8.0,-7.0,-3.0,0,4,2019-02-10 14:30:00+00:00,FC Augsburg,4,1.0,3,203.0,Bremen,Bundesliga,33.0,25.8,18.0,5.09,168.05,1
2018,Quarter-finals,3,107274,2019-04-03 18:45:00+00:00,Werder Bremen,162,FC Schalke 04,174,1,0,90,VELTINS-Arena,2.0,2.0,1.0,1.0,11.0,11.0,8.0,8.0,-9.0,-3.0,0,4,2019-04-07 16:00:00+00:00,Borussia Monchengladbach,3,,1,210.0,Bremen,Bundesliga,33.0,25.8,18.0,5.09,168.05,0
2018,Semi-finals,2,108266,2019-04-24 18:45:00+00:00,Werder Bremen,162,Bayern Munich,157,0,1,90,Weser-Stadion,1.0,1.0,1.0,1.0,11.0,11.0,8.0,8.0,-10.0,-3.0,0,4,2019-04-27 13:30:00+00:00,Fortuna Dusseldorf,2,0.0,0,0.0,Bremen,Bundesliga,33.0,25.8,18.0,5.09,168.05,0
2019,3rd Round,4,250169,2020-02-04 19:45:00+00:00,Werder Bremen,162,Borussia Dortmund,165,1,1,90,wohninvest WESERSTADION,2.0,2.0,1.0,1.0,8.0,8.0,16.0,16.0,-6.0,8.0,0,4,2020-02-08 14:30:00+00:00,Union Berlin,3,0.0,0,0.0,Bremen,Bundesliga,36.0,26.2,18.0,3.75,135.13,0
2019,Quarter-finals,3,324070,2020-03-04 19:45:00+00:00,Werder Bremen,162,Eintracht Frankfurt,169,0,0,90,Commerzbank-Arena,7.0,7.0,1.0,1.0,8.0,8.0,16.0,16.0,-1.0,8.0,0,4,2020-03-07 14:30:00+00:00,Hertha Berlin,2,,1,332.0,Bremen,Bundesliga,36.0,26.2,18.0,3.75,135.13,0
2020,Round of 16,4,655486,2021-02-02 19:45:00+00:00,Werder Bremen,162,SpVgg Greuther Furth,178,1,1,90,wohninvest WESERSTADION,27.0,9.0,2.0,1.0,16.0,16.0,17.0,17.0,11.0,1.0,1,4,2021-02-13 14:30:00+00:00,SC Freiburg,10,,1,0.0,Bremen,Bundesliga,33.0,25.2,15.0,3.39,111.98,0
2020,Quarter-finals,3,675016,2021-04-07 16:30:00+00:00,Werder Bremen,162,Jahn Regensburg,177,1,0,90,Jahnstadion Regensburg,30.0,12.0,2.0,1.0,16.0,16.0,17.0,17.0,14.0,1.0,1,4,2021-04-10 13:30:00+00:00,RB Leipzig,2,0.0,0,508.0,Bremen,Bundesliga,33.0,25.2,15.0,3.39,111.98,0
2020,Semi-finals,2,700143,2021-04-30 18:30:00+00:00,Werder Bremen,162,RB Leipzig,173,0,1,120,wohninvest WESERSTADION,3.0,3.0,1.0,1.0,16.0,16.0,17.0,17.0,-13.0,1.0,0,4,2021-05-08 13:30:00+00:00,Bayer Leverkusen,7,,1,0.0,Bremen,Bundesliga,33.0,25.2,15.0,3.39,111.98,1
2014,8th Finals,4,559815,2015-03-04 19:30:00+00:00,Borussia Monchengladbach,163,Kickers Offenbach,1628,1,0,90,Sparda-Bank-Hessen-Stadion,21.0,0.0,4.0,1.0,6.0,6.0,3.0,3.0,15.0,-3.0,1,4,2015-03-07 17:30:00+00:00,FSV Mainz 05,2,,1,206.0,Mönchengladbach,Bundesliga,27.0,25.9,15.0,4.84,130.63,0
2014,Quarter-finals,3,559819,2015-04-08 17:00:00+00:00,Borussia Monchengladbach,163,Arminia Bielefeld,188,0,0,120,SchücoArena,34.0,16.0,2.0,1.0,6.0,6.0,3.0,3.0,28.0,-3.0,1,4,2015-04-11 13:30:00+00:00,Borussia Dortmund,2,1.0,3,174.0,Mönchengladbach,Bundesliga,27.0,25.9,15.0,4.84,130.63,1
2015,3rd Round,4,559754,2015-12-15 18:15:00+00:00,Borussia Monchengladbach,163,Werder Bremen,162,0,1,90,Stadion im BORUSSIA-PARK,10.0,10.0,1.0,1.0,3.0,3.0,4.0,4.0,7.0,1.0,1,4,2015-12-20 16:30:00+00:00,SV Darmstadt 98,4,1.0,3,0.0,Mönchengladbach,Bundesliga,29.0,25.4,18.0,6.42,186.15,0
2016,3rd Round,4,57361,2017-02-07 19:45:00+00:00,Borussia Monchengladbach,163,SpVgg Greuther Furth,178,1,0,90,Sportpark Ronhof Thomas Sommer,27.0,9.0,2.0,1.0,4.0,4.0,9.0,9.0,23.0,5.0,1,4,2017-02-11 14:30:00+00:00,Werder Bremen,3,1.0,3,377.0,Mönchengladbach,Bundesliga,33.0,24.4,17.0,4.91,162.18,0
2016,Quarter-finals,3,57354,2017-03-01 17:30:00+00:00,Borussia Monchengladbach,163,Hamburger SV,175,1,0,90,Volksparkstadion,10.0,10.0,1.0,1.0,4.0,4.0,9.0,9.0,6.0,5.0,1,4,2017-03-04 17:30:00+00:00,FC Schalke 04,3,1.0,3,371.0,Mönchengladbach,Bundesliga,33.0,24.4,17.0,4.91,162.18,0
2016,Semi-finals,2,57351,2017-04-25 18:45:00+00:00,Borussia Monchengladbach,163,Eintracht Frankfurt,169,0,1,120,Borussia-Park,16.0,16.0,1.0,1.0,4.0,4.0,9.0,9.0,12.0,5.0,1,4,2017-04-29 13:30:00+00:00,FSV Mainz 05,3,1.0,3,0.0,Mönchengladbach,Bundesliga,33.0,24.4,17.0,4.91,162.18,1
2017,3rd Round,4,57408,2017-12-20 17:30:00+00:00,Borussia Monchengladbach,163,Bayer Leverkusen,168,0,1,90,Stadion im BORUSSIA-PARK (Mönchengladbach),12.0,12.0,1.0,1.0,9.0,9.0,9.0,9.0,3.0,0.0,1,4,2018-01-14 14:30:00+00:00,1.FC Köln,24,0.0,0,0.0,Mönchengladbach,Bundesliga,35.0,24.6,19.0,5.52,193.25,0
2020,Round of 16,4,655487,2021-02-03 19:45:00+00:00,Borussia Monchengladbach,163,VfB Stuttgart,172,1,0,90,Mercedes-Benz-Arena,20.0,2.0,2.0,1.0,4.0,4.0,8.0,8.0,16.0,4.0,1,4,2021-02-06 17:30:00+00:00,1.FC Köln,2,0.0,0,333.0,Mönchengladbach,Bundesliga,33.0,25.7,19.0,9.11,300.75,0
2020,Quarter-finals,3,675014,2021-03-02 19:45:00+00:00,Borussia Monchengladbach,163,Borussia Dortmund,165,0,1,90,Stadion im BORUSSIA-PARK,2.0,2.0,1.0,1.0,4.0,4.0,8.0,8.0,-2.0,4.0,0,4,2021-03-06 14:30:00+00:00,Bayer Leverkusen,3,0.0,0,0.0,Mönchengladbach,Bundesliga,33.0,25.7,19.0,9.11,300.75,0
2021,Round of 16,4,810121,2022-01-19 17:30:00+00:00,Borussia Monchengladbach,163,Hannover 96,166,0,0,90,HDI-Arena,31.0,13.0,2.0,1.0,8.0,8.0,10.0,10.0,23.0,2.0,1,4,2022-01-22 14:30:00+00:00,Union Berlin,2,0.0,0,269.0,Mönchengladbach,Bundesliga,31.0,25.4,14.0,7.64,236.8,0
2023,Round of 16,4,1141476,2023-12-05 19:45:00+00:00,Borussia Monchengladbach,163,VfL Wolfsburg,161,1,1,120,Stadion im BORUSSIA-PARK,8.0,8.0,1.0,1.0,10.0,10.0,14.0,14.0,-2.0,4.0,0,4,2023-12-09 14:30:00+00:00,Union Berlin,3,0.0,0,0.0,Mönchengladbach,,,,,,,1
2023,Quarter-finals,3,1147021,2024-03-12 19:30:00+00:00,Borussia Monchengladbach,163,FC Saarbrücken,1639,0,0,90,Stadion Ludwigspark,41.0,5.0,3.0,1.0,10.0,10.0,14.0,14.0,31.0,4.0,1,4,2024-03-16 14:30:00+00:00,FC Heidenheim,3,,1,,Mönchengladbach,,,,,,,0
2012,8th Finals,4,559936,2012-12-18 18:00:00+00:00,FSV Mainz 05,164,FC Schalke 04,174,1,0,90,Veltins-Arena,3.0,3.0,1.0,1.0,13.0,13.0,13.0,13.0,-10.0,0.0,0,4,2013-01-19 14:30:00+00:00,SC Freiburg,31,,1,187.0,Mainz,Bundesliga,32.0,26.4,18.0,1.64,52.43,0
2012,Quarter-finals,3,559943,2013-02-26 18:00:00+00:00,FSV Mainz 05,164,SC Freiburg,160,0,1,120,Coface Arena,12.0,12.0,1.0,1.0,13.0,13.0,13.0,13.0,-1.0,0.0,0,4,2013-03-03 16:30:00+00:00,Fortuna Dusseldorf,4,,1,0.0,Mainz,Bundesliga,32.0,26.4,18.0,1.64,52.43,1
2017,3rd Round,4,57412,2017-12-19 17:30:00+00:00,FSV Mainz 05,164,VfB Stuttgart,172,1,1,90,OPEL ARENA (Mainz),19.0,1.0,2.0,1.0,15.0,15.0,14.0,14.0,4.0,-1.0,1,4,2018-01-13 14:30:00+00:00,Hannover 96,24,0.0,0,0.0,Mainz,Bundesliga,33.0,25.3,19.0,2.98,98.35,0
2017,Quarter-finals,3,57403,2018-02-07 17:30:00+00:00,FSV Mainz 05,164,Eintracht Frankfurt,169,0,0,90,Commerzbank-Arena (Frankfurt am Main),11.0,11.0,1.0,1.0,15.0,15.0,14.0,14.0,-4.0,-1.0,0,4,2018-02-10 14:30:00+00:00,1899 Hoffenheim,2,0.0,0,21.0,Mainz,Bundesliga,33.0,25.3,19.0,2.98,98.35,0
2021,Round of 16,4,810125,2022-01-18 19:45:00+00:00,FSV Mainz 05,164,Vfl Bochum,176,0,0,90,Vonovia Ruhrstadion,19.0,1.0,2.0,1.0,12.0,12.0,8.0,8.0,7.0,-4.0,1,4,2022-01-22 14:30:00+00:00,SpVgg Greuther Furth,3,0.0,0,182.0,Mainz,Bundesliga,34.0,24.9,18.0,3.85,131.03,0
2022,Round of 16,4,968259,2023-02-01 19:45:00+00:00,FSV Mainz 05,164,Bayern Munich,157,0,1,90,MEWA ARENA,1.0,1.0,1.0,1.0,8.0,8.0,9.0,9.0,-7.0,1.0,0,4,2023-02-04 14:30:00+00:00,Union Berlin,2,0.0,0,0.0,Mainz,Bundesliga,34.0,24.7,17.0,3.99,135.8,0
2012,8th Finals,4,559941,2012-12-19 19:30:00+00:00,Borussia Dortmund,165,Hannover 96,166,1,1,90,Signal-Iduna-Park,7.0,7.0,1.0,1.0,1.0,1.0,2.0,2.0,6.0,1.0,1,4,2013-01-19 17:30:00+00:00,Werder Bremen,30,1.0,3,0.0,Dortmund,Bundesliga,31.0,24.2,10.0,9.75,302.3,0
2012,Quarter-finals,3,559946,2013-02-27 19:30:00+00:00,Borussia Dortmund,165,Bayern Munich,157,0,0,90,Allianz-Arena,2.0,2.0,1.0,1.0,1.0,1.0,2.0,2.0,1.0,1.0,0,4,2013-03-02 14:30:00+00:00,Hannover 96,2,1.0,3,473.0,Dortmund,Bundesliga,31.0,24.2,10.0,9.75,302.3,0
2013,8th Finals,4,559875,2013-12-03 19:30:00+00:00,Borussia Dortmund,165,FC Saarbrucken,1639,1,0,90,Stadion Ludwigspark,47.0,11.0,3.0,1.0,2.0,2.0,2.0,2.0,45.0,0.0,1,4,2013-12-07 17:30:00+00:00,Bayer Leverkusen,3,0.0,0,251.0,Dortmund,Bundesliga,31.0,24.7,12.0,10.52,326.05,0
2013,Quarter-finals,3,559880,2014-02-11 19:45:00+00:00,Borussia Dortmund,165,Eintracht Frankfurt,169,1,0,90,Commerzbank-Arena,6.0,6.0,1.0,1.0,2.0,2.0,2.0,2.0,4.0,0.0,1,4,2014-02-15 14:30:00+00:00,Eintracht Frankfurt,3,1.0,3,174.0,Dortmund,Bundesliga,31.0,24.7,12.0,10.52,326.05,0
2013,Semi-finals,2,559884,2014-04-15 18:30:00+00:00,Borussia Dortmund,165,VfL Wolfsburg,161,1,1,90,Signal-Iduna-Park,11.0,11.0,1.0,1.0,2.0,2.0,2.0,2.0,9.0,0.0,1,4,2014-04-19 13:30:00+00:00,FSV Mainz 05,3,1.0,3,0.0,Dortmund,Bundesliga,31.0,24.7,12.0,10.52,326.05,0
2013,Final,1,559886,2014-05-17 18:00:00+00:00,Borussia Dortmund,165,Bayern Munich,157,0,1,120,Olympiastadion Berlin,1.0,1.0,1.0,1.0,2.0,2.0,2.0,2.0,-1.0,0.0,0,4,2014-08-23 16:30:00+00:00,Bayer Leverkusen,97,0.0,0,0.0,Dortmund,Bundesliga,31.0,24.7,12.0,10.52,326.05,1
2014,8th Finals,4,559812,2015-03-03 19:30:00+00:00,Borussia Dortmund,165,Dynamo Dresden,183,1,0,90,Stadion Dresden,35.0,17.0,2.0,1.0,2.0,2.0,7.0,7.0,33.0,5.0,1,4,2015-03-07 14:30:00+00:00,Hamburger SV,3,,1,447.0,Dortmund,Bundesliga,37.0,24.7,19.0,8.64,319.5,0
2014,Quarter-finals,3,559818,2015-04-07 18:30:00+00:00,Borussia Dortmund,165,1899 Hoffenheim,167,1,1,120,Signal-Iduna-Park,9.0,9.0,1.0,1.0,2.0,2.0,7.0,7.0,7.0,5.0,1,4,2015-04-11 13:30:00+00:00,Borussia Monchengladbach,3,0.0,0,0.0,Dortmund,Bundesliga,37.0,24.7,19.0,8.64,319.5,1
2014,Semi-finals,2,559821,2015-04-28 18:30:00+00:00,Borussia Dortmund,165,Bayern Munich,157,1,0,120,Allianz-Arena,1.0,1.0,1.0,1.0,2.0,2.0,7.0,7.0,-1.0,5.0,0,4,2015-05-02 13:30:00+00:00,1899 Hoffenheim,3,,1,473.0,Dortmund,Bundesliga,37.0,24.7,19.0,8.64,319.5,1
2014,Final,1,559823,2015-05-30 18:00:00+00:00,Borussia Dortmund,165,VfL Wolfsburg,161,0,1,90,Olympiastadion Berlin,5.0,5.0,1.0,1.0,2.0,2.0,7.0,7.0,3.0,5.0,0,4,2015-08-15 16:30:00+00:00,Borussia Monchengladbach,76,1.0,3,0.0,Dortmund,Bundesliga,37.0,24.7,19.0,8.64,319.5,0
2015,3rd Round,4,559759,2015-12-16 19:30:00+00:00,Borussia Dortmund,165,FC Augsburg,170,1,0,90,WWK Arena,5.0,5.0,1.0,1.0,7.0,7.0,2.0,2.0,-2.0,-5.0,1,4,2015-12-19 14:30:00+00:00,1.FC Köln,2,0.0,0,428.0,Dortmund,Bundesliga,30.0,24.9,13.0,11.77,352.95,0
2015,Quarter-finals,3,559747,2016-02-09 19:30:00+00:00,Borussia Dortmund,165,VfB Stuttgart,172,1,0,90,Mercedes-Benz-Arena,14.0,14.0,1.0,1.0,7.0,7.0,2.0,2.0,7.0,-5.0,1,4,2016-02-13 14:30:00+00:00,Hannover 96,3,1.0,3,325.0,Dortmund,Bundesliga,30.0,24.9,13.0,11.77,352.95,0
2015,Semi-finals,2,559751,2016-04-20 18:30:00+00:00,Borussia Dortmund,165,Hertha Berlin,159,1,0,90,Olympiastadion Berlin,15.0,15.0,1.0,1.0,7.0,7.0,2.0,2.0,8.0,-5.0,1,4,2016-04-23 13:30:00+00:00,VfB Stuttgart,2,1.0,3,419.0,Dortmund,Bundesliga,30.0,24.9,13.0,11.77,352.95,0
2015,Final,1,559752,2016-05-21 18:00:00+00:00,Borussia Dortmund,165,Bayern Munich,157,0,0,120,Olympiastadion Berlin,1.0,1.0,1.0,1.0,7.0,7.0,2.0,2.0,-6.0,-5.0,0,4,2016-08-27 13:30:00+00:00,FSV Mainz 05,97,1.0,3,473.0,Dortmund,Bundesliga,30.0,24.9,13.0,11.77,352.95,1
2016,3rd Round,4,57356,2017-02-08 19:45:00+00:00,Borussia Dortmund,165,Hertha Berlin,159,1,1,120,Signal Iduna Park,7.0,7.0,1.0,1.0,2.0,2.0,3.0,3.0,5.0,1.0,1,4,2017-02-11 14:30:00+00:00,SV Darmstadt 98,2,0.0,0,0.0,Dortmund,Bundesliga,31.0,25.2,17.0,12.6,390.65,1
2016,Quarter-finals,3,57352,2017-03-14 17:30:00+00:00,Borussia Dortmund,165,Sportfreunde Lotte,1323,1,0,90,Stadion an der Bremer Brücke,21.0,0.0,4.0,1.0,2.0,2.0,3.0,3.0,19.0,1.0,1,4,2017-03-17 19:30:00+00:00,FC Ingolstadt 04,3,1.0,3,96.0,Dortmund,Bundesliga,31.0,25.2,17.0,12.6,390.65,0
2016,Semi-finals,2,57350,2017-04-26 18:45:00+00:00,Borussia Dortmund,165,Bayern Munich,157,1,0,90,Allianz Arena,1.0,1.0,1.0,1.0,2.0,2.0,3.0,3.0,-1.0,1.0,0,4,2017-04-29 13:30:00+00:00,1.FC Köln,2,,1,473.0,Dortmund,Bundesliga,31.0,25.2,17.0,12.6,390.65,0
2016,Final,1,57349,2017-05-27 18:00:00+00:00,Borussia Dortmund,165,Eintracht Frankfurt,169,1,0,90,Olympiastadion,16.0,16.0,1.0,1.0,2.0,2.0,3.0,3.0,14.0,1.0,1,4,2017-08-19 13:30:00+00:00,VfL Wolfsburg,83,1.0,3,174.0,Dortmund,Bundesliga,31.0,25.2,17.0,12.6,390.65,0
2017,3rd Round,4,57406,2017-12-20 19:45:00+00:00,Borussia Dortmund,165,Bayern Munich,157,0,0,90,Allianz Arena (München),1.0,1.0,1.0,1.0,3.0,3.0,4.0,4.0,-2.0,1.0,0,4,2018-01-14 17:00:00+00:00,VfL Wolfsburg,24,,1,473.0,Dortmund,Bundesliga,35.0,25.0,20.0,16.41,574.2,0
2018,3rd Round,4,57512,2019-02-05 19:45:00+00:00,Borussia Dortmund,165,Werder Bremen,162,0,1,120,Signal Iduna Park,11.0,11.0,1.0,1.0,4.0,4.0,2.0,2.0,7.0,-2.0,1,4,2019-02-09 14:30:00+00:00,1899 Hoffenheim,3,,1,0.0,Dortmund,Bundesliga,34.0,24.4,21.0,18.92,643.25,1
2019,3rd Round,4,250169,2020-02-04 19:45:00+00:00,Borussia Dortmund,165,Werder Bremen,162,0,0,90,wohninvest WESERSTADION,8.0,8.0,1.0,1.0,2.0,2.0,2.0,2.0,6.0,0.0,1,4,2020-02-08 17:30:00+00:00,Bayer Leverkusen,3,0.0,0,203.0,Dortmund,Bundesliga,37.0,24.5,21.0,17.68,654.05,0
2020,Round of 16,4,655483,2021-02-02 19:45:00+00:00,Borussia Dortmund,165,SC Paderborn 07,185,1,1,120,Signal-Iduna-Park,18.0,18.0,1.0,1.0,2.0,2.0,3.0,3.0,16.0,1.0,1,4,2021-02-06 14:30:00+00:00,SC Freiburg,3,0.0,0,0.0,Dortmund,Bundesliga,32.0,25.0,17.0,19.64,628.4,1
2020,Quarter-finals,3,675014,2021-03-02 19:45:00+00:00,Borussia Dortmund,165,Borussia Monchengladbach,163,1,0,90,Stadion im BORUSSIA-PARK,4.0,4.0,1.0,1.0,2.0,2.0,3.0,3.0,2.0,1.0,1,4,2021-03-06 17:30:00+00:00,Bayern Munich,3,0.0,0,77.0,Dortmund,Bundesliga,32.0,25.0,17.0,19.64,628.4,0
2020,Semi-finals,2,682740,2021-05-01 18:30:00+00:00,Borussia Dortmund,165,Holstein Kiel,191,1,1,90,Signal-Iduna-Park,29.0,11.0,2.0,1.0,2.0,2.0,3.0,3.0,27.0,1.0,1,4,2021-05-08 13:30:00+00:00,RB Leipzig,6,1.0,3,0.0,Dortmund,Bundesliga,32.0,25.0,17.0,19.64,628.4,0
2020,Final,1,700980,2021-05-13 18:45:00+00:00,Borussia Dortmund,165,RB Leipzig,173,1,0,90,Olympiastadion Berlin,3.0,3.0,1.0,1.0,2.0,2.0,3.0,3.0,1.0,1.0,0,4,2021-05-16 16:00:00+00:00,FSV Mainz 05,2,1.0,3,346.0,Dortmund,Bundesliga,32.0,25.0,17.0,19.64,628.4,0
2021,Round of 16,4,810119,2022-01-18 19:45:00+00:00,Borussia Dortmund,165,FC St. Pauli,186,0,0,90,Millerntor-Stadion,28.0,10.0,2.0,1.0,3.0,3.0,2.0,2.0,25.0,-1.0,1,4,2022-01-22 14:30:00+00:00,1899 Hoffenheim,3,1.0,3,290.0,Dortmund,Bundesliga,44.0,23.9,25.0,12.7,558.98,0
2022,Round of 16,4,968258,2023-02-08 19:45:00+00:00,Borussia Dortmund,165,Vfl Bochum,176,1,0,90,Vonovia Ruhrstadion,13.0,13.0,1.0,1.0,2.0,2.0,2.0,2.0,11.0,0.0,1,4,2023-02-11 14:30:00+00:00,Werder Bremen,2,1.0,3,10.0,Dortmund,Bundesliga,37.0,24.6,19.0,15.34,567.55,0
2022,Quarter-finals,3,1008958,2023-04-05 18:45:00+00:00,Borussia Dortmund,165,RB Leipzig,173,0,0,90,Red Bull Arena,4.0,4.0,1.0,1.0,2.0,2.0,2.0,2.0,2.0,0.0,1,4,2023-04-08 13:30:00+00:00,Union Berlin,2,1.0,3,346.0,Dortmund,Bundesliga,37.0,24.6,19.0,15.34,567.55,0
2023,Round of 16,4,1141474,2023-12-06 19:45:00+00:00,Borussia Dortmund,165,VfB Stuttgart,172,0,0,90,MHP Arena,16.0,16.0,1.0,1.0,2.0,2.0,5.0,5.0,14.0,3.0,1,4,2023-12-09 17:30:00+00:00,RB Leipzig,2,0.0,0,325.0,Dortmund,,,,,,,0
2012,8th Finals,4,559941,2012-12-19 19:30:00+00:00,Hannover 96,166,Borussia Dortmund,165,0,0,90,Signal-Iduna-Park,1.0,1.0,1.0,1.0,7.0,7.0,9.0,9.0,-6.0,2.0,0,4,2013-01-18 19:30:00+00:00,FC Schalke 04,30,0.0,0,193.0,Hannover,Bundesliga,35.0,25.6,20.0,2.38,83.15,0
2016,3rd Round,4,57357,2017-02-08 19:45:00+00:00,Hannover 96,166,Eintracht Frankfurt,169,0,1,90,HDI Arena,16.0,16.0,1.0,1.0,18.0,18.0,20.0,2.0,-2.0,2.0,0,4,2017-02-13 19:15:00+00:00,Vfl Bochum,4,1.0,3,0.0,Hannover,Bundesliga_2,33.0,24.2,14.0,1.19,39.18,0
2021,Round of 16,4,810121,2022-01-19 17:30:00+00:00,Hannover 96,166,Borussia Monchengladbach,163,1,1,90,HDI-Arena,8.0,8.0,1.0,2.0,31.0,13.0,29.0,11.0,-23.0,-2.0,0,4,2022-01-23 12:30:00+00:00,Dynamo Dresden,3,,1,0.0,Hannover,Bundesliga_2,35.0,26.3,13.0,0.817,28.6,0
2021,Quarter-finals,3,832029,2022-03-02 17:30:00+00:00,Hannover 96,166,RB Leipzig,173,0,1,90,HDI-Arena,2.0,2.0,1.0,2.0,31.0,13.0,29.0,11.0,-29.0,-2.0,0,4,2022-03-05 12:30:00+00:00,SV Sandhausen,2,0.0,0,0.0,Hannover,Bundesliga_2,35.0,26.3,13.0,0.817,28.6,0
2013,8th Finals,4,559874,2013-12-03 19:30:00+00:00,1899 Hoffenheim,167,FC Schalke 04,174,1,0,90,Veltins-Arena,4.0,4.0,1.0,1.0,16.0,16.0,9.0,9.0,-12.0,-7.0,0,4,2013-12-07 14:30:00+00:00,Eintracht Frankfurt,3,1.0,3,278.0,Sinsheim,Bundesliga,43.0,23.7,25.0,2.27,97.4,0
2013,Quarter-finals,3,559881,2014-02-12 18:00:00+00:00,1899 Hoffenheim,167,VfL Wolfsburg,161,0,1,90,Wirsol Rhein-Neckar-Arena,11.0,11.0,1.0,1.0,16.0,16.0,9.0,9.0,-5.0,-7.0,1,4,2014-02-15 14:30:00+00:00,VfB Stuttgart,2,1.0,3,0.0,Sinsheim,Bundesliga,43.0,23.7,25.0,2.27,97.4,0
2014,8th Finals,4,559810,2015-03-03 18:00:00+00:00,1899 Hoffenheim,167,VfR Aalen,1327,1,0,90,Scholz Arena,29.0,11.0,2.0,1.0,9.0,9.0,8.0,8.0,20.0,-1.0,1,4,2015-03-07 14:30:00+00:00,FC Schalke 04,3,0.0,0,102.0,Sinsheim,Bundesliga,30.0,24.4,14.0,4.06,121.78,0
2014,Quarter-finals,3,559818,2015-04-07 18:30:00+00:00,1899 Hoffenheim,167,Borussia Dortmund,165,0,0,120,Signal-Iduna-Park,2.0,2.0,1.0,1.0,9.0,9.0,8.0,8.0,-7.0,-1.0,0,4,2015-04-12 13:30:00+00:00,1.FC Köln,4,0.0,0,267.0,Sinsheim,Bundesliga,30.0,24.4,14.0,4.06,121.78,1
2019,3rd Round,4,250167,2020-02-05 19:45:00+00:00,1899 Hoffenheim,167,Bayern Munich,157,0,0,90,Allianz Arena,1.0,1.0,1.0,1.0,9.0,9.0,6.0,6.0,-8.0,-3.0,0,4,2020-02-08 14:30:00+00:00,SC Freiburg,2,0.0,0,232.0,Sinsheim,Bundesliga,37.0,26.3,25.0,6.11,226.05,0
2021,Round of 16,4,810118,2022-01-19 19:45:00+00:00,1899 Hoffenheim,167,SC Freiburg,160,0,1,90,PreZero Arena,10.0,10.0,1.0,1.0,11.0,11.0,9.0,9.0,-1.0,-2.0,1,4,2022-01-22 14:30:00+00:00,Borussia Dortmund,2,0.0,0,0.0,Sinsheim,Bundesliga,40.0,24.9,21.0,5.29,211.43,0
2022,Round of 16,4,968260,2023-02-01 17:00:00+00:00,1899 Hoffenheim,167,RB Leipzig,173,0,0,90,Red Bull Arena,4.0,4.0,1.0,1.0,9.0,9.0,12.0,12.0,-5.0,3.0,0,4,2023-02-04 14:30:00+00:00,Vfl Bochum,2,0.0,0,340.0,Sinsheim,Bundesliga,37.0,25.8,21.0,4.83,178.8,0
2012,8th Finals,4,559939,2012-12-19 18:00:00+00:00,Bayer Leverkusen,168,VfL Wolfsburg,161,0,0,90,VOLKSWAGEN ARENA,8.0,8.0,1.0,1.0,5.0,5.0,3.0,3.0,3.0,-2.0,1,4,2013-01-19 14:30:00+00:00,Eintracht Frankfurt,30,1.0,3,306.0,Leverkusen,Bundesliga,33.0,23.6,11.0,4.71,155.3,0
2013,8th Finals,4,559876,2013-12-04 18:00:00+00:00,Bayer Leverkusen,168,SC Freiburg,160,1,0,90,MAGE SOLAR Stadion,5.0,5.0,1.0,1.0,3.0,3.0,4.0,4.0,2.0,1.0,1,4,2013-12-07 17:30:00+00:00,Borussia Dortmund,2,1.0,3,344.0,Leverkusen,Bundesliga,35.0,24.3,14.0,5.03,175.88,0
2013,Quarter-finals,3,559882,2014-02-12 18:00:00+00:00,Bayer Leverkusen,168,FC Kaiserslautern,745,0,1,120,BayArena,21.0,3.0,2.0,1.0,3.0,3.0,4.0,4.0,18.0,1.0,1,4,2014-02-15 17:30:00+00:00,FC Schalke 04,2,0.0,0,0.0,Leverkusen,Bundesliga,35.0,24.3,14.0,5.03,175.88,1
2014,8th Finals,4,559809,2015-03-03 18:00:00+00:00,Bayer Leverkusen,168,FC Kaiserslautern,745,1,1,120,BayArena,22.0,4.0,2.0,1.0,4.0,4.0,4.0,4.0,18.0,0.0,1,4,2015-03-08 16:30:00+00:00,SC Paderborn 07,4,1.0,3,0.0,Leverkusen,Bundesliga,26.0,24.9,14.0,6.81,177.1,1
2014,Quarter-finals,3,559820,2015-04-08 18:30:00+00:00,Bayer Leverkusen,168,Bayern Munich,157,0,1,120,BayArena,1.0,1.0,1.0,1.0,4.0,4.0,4.0,4.0,-3.0,0.0,0,4,2015-04-11 13:30:00+00:00,FSV Mainz 05,2,1.0,3,0.0,Leverkusen,Bundesliga,26.0,24.9,14.0,6.81,177.1,1
2015,3rd Round,4,559753,2015-12-15 18:00:00+00:00,Bayer Leverkusen,168,SpVgg Unterhaching,1314,1,0,90,Alpenbauer Sportpark,55.0,19.0,3.0,1.0,4.0,4.0,3.0,3.0,51.0,-1.0,1,4,2015-12-19 14:30:00+00:00,FC Ingolstadt 04,3,1.0,3,469.0,Leverkusen,Bundesliga,33.0,24.2,21.0,7.31,241.3,0
2015,Quarter-finals,3,559746,2016-02-09 18:00:00+00:00,Bayer Leverkusen,168,Werder Bremen,162,0,1,90,BayArena,10.0,10.0,1.0,1.0,4.0,4.0,3.0,3.0,6.0,-1.0,1,4,2016-02-13 14:30:00+00:00,SV Darmstadt 98,3,1.0,3,0.0,Leverkusen,Bundesliga,33.0,24.2,21.0,7.31,241.3,0
2017,3rd Round,4,57408,2017-12-20 17:30:00+00:00,Bayer Leverkusen,168,Borussia Monchengladbach,163,1,0,90,Stadion im BORUSSIA-PARK (Mönchengladbach),9.0,9.0,1.0,1.0,12.0,12.0,5.0,5.0,-3.0,-7.0,1,4,2018-01-12 19:30:00+00:00,Bayern Munich,23,0.0,0,46.0,Leverkusen,Bundesliga,27.0,25.3,14.0,13.24,357.35,0
2017,Quarter-finals,3,57404,2018-02-06 19:45:00+00:00,Bayer Leverkusen,168,Werder Bremen,162,1,1,120,BayArena (Leverkusen),8.0,8.0,1.0,1.0,12.0,12.0,5.0,5.0,-4.0,-7.0,1,4,2018-02-10 14:30:00+00:00,Hertha Berlin,3,0.0,0,0.0,Leverkusen,Bundesliga,27.0,25.3,14.0,13.24,357.35,1
2017,Semi-finals,2,57401,2018-04-17 18:45:00+00:00,Bayer Leverkusen,168,Bayern Munich,157,0,1,90,BayArena (Leverkusen),1.0,1.0,1.0,1.0,12.0,12.0,5.0,5.0,-11.0,-7.0,0,4,2018-04-21 16:30:00+00:00,Borussia Dortmund,3,0.0,0,0.0,Leverkusen,Bundesliga,27.0,25.3,14.0,13.24,357.35,0
2018,3rd Round,4,57510,2019-02-05 17:30:00+00:00,Bayer Leverkusen,168,FC Heidenheim,180,0,0,90,Voith-Arena,28.0,10.0,2.0,1.0,5.0,5.0,4.0,4.0,23.0,-1.0,1,4,2019-02-08 19:30:00+00:00,FSV Mainz 05,3,1.0,3,346.0,Leverkusen,Bundesliga,31.0,24.6,16.0,13.85,429.4,0
2019,3rd Round,4,250166,2020-02-05 17:30:00+00:00,Bayer Leverkusen,168,VfB Stuttgart,172,1,1,90,BayArena,16.0,16.0,1.0,1.0,4.0,4.0,5.0,5.0,12.0,1.0,1,4,2020-02-08 17:30:00+00:00,Borussia Dortmund,3,1.0,3,0.0,Leverkusen,Bundesliga,29.0,25.1,18.0,13.76,398.95,0
2019,Quarter-finals,3,324069,2020-03-04 17:30:00+00:00,Bayer Leverkusen,168,Union Berlin,182,1,1,90,BayArena,21.0,3.0,2.0,1.0,4.0,4.0,5.0,5.0,17.0,1.0,1,4,2020-03-07 14:30:00+00:00,Eintracht Frankfurt,2,1.0,3,0.0,Leverkusen,Bundesliga,29.0,25.1,18.0,13.76,398.95,0
2019,Semi-finals,2,354883,2020-06-09 18:45:00+00:00,Bayer Leverkusen,168,FC Saarbrucken,1639,1,0,90,Hermann-Neuberger-Stadion,21.0,0.0,4.0,1.0,4.0,4.0,5.0,5.0,17.0,1.0,1,4,2020-06-14 16:00:00+00:00,FC Schalke 04,4,,1,199.0,Leverkusen,Bundesliga,29.0,25.1,18.0,13.76,398.95,0
2019,Final,1,564163,2020-07-04 18:00:00+00:00,Bayer Leverkusen,168,Bayern Munich,157,0,1,90,Olympiastadion Berlin,1.0,1.0,1.0,1.0,4.0,4.0,5.0,5.0,-3.0,1.0,0,4,2020-09-20 16:00:00+00:00,VfL Wolfsburg,77,,1,0.0,Leverkusen,Bundesliga,29.0,25.1,18.0,13.76,398.95,0
2020,Round of 16,4,663694,2021-02-02 17:30:00+00:00,Bayer Leverkusen,168,Rot-weiss Essen,1621,0,0,120,Stadion Essen,21.0,0.0,4.0,1.0,5.0,5.0,6.0,6.0,16.0,1.0,1,4,2021-02-06 14:30:00+00:00,VfB Stuttgart,3,1.0,3,48.0,Leverkusen,Bundesliga,33.0,25.0,22.0,11.31,373.25,1
2023,Round of 16,4,1141479,2023-12-06 17:00:00+00:00,Bayer Leverkusen,168,SC Paderborn 07,185,1,1,90,BayArena,24.0,6.0,2.0,1.0,6.0,6.0,1.0,1.0,18.0,-5.0,1,4,2023-12-10 14:30:00+00:00,VfB Stuttgart,3,,1,0.0,Leverkusen,,,,,,,0
2023,Quarter-finals,3,1147023,2024-02-06 19:45:00+00:00,Bayer Leverkusen,168,VfB Stuttgart,172,1,1,90,BayArena,16.0,16.0,1.0,1.0,6.0,6.0,1.0,1.0,10.0,-5.0,1,4,2024-02-10 17:30:00+00:00,Bayern Munich,3,1.0,3,0.0,Leverkusen,,,,,,,0
2023,Semi-finals,2,1173883,2024-04-03 18:45:00+00:00,Bayer Leverkusen,168,Fortuna Dusseldorf,158,1,1,90,BayArena,22.0,4.0,2.0,1.0,6.0,6.0,1.0,1.0,16.0,-5.0,1,4,2024-04-06 13:30:00+00:00,Union Berlin,2,1.0,3,0.0,Leverkusen,,,,,,,0
2013,8th Finals,4,559878,2013-12-04 19:30:00+00:00,Eintracht Frankfurt,169,SV Sandhausen,189,1,1,90,Commerzbank-Arena,35.0,17.0,2.0,1.0,6.0,6.0,13.0,13.0,29.0,7.0,1,4,2013-12-07 14:30:00+00:00,1899 Hoffenheim,2,0.0,0,0.0,Frankfurt am Main,Bundesliga,33.0,24.7,11.0,2.61,86.2,0
2013,Quarter-finals,3,559880,2014-02-11 19:45:00+00:00,Eintracht Frankfurt,169,Borussia Dortmund,165,0,1,90,Commerzbank-Arena,2.0,2.0,1.0,1.0,6.0,6.0,13.0,13.0,-4.0,7.0,0,4,2014-02-15 14:30:00+00:00,Borussia Dortmund,3,0.0,0,0.0,Frankfurt am Main,Bundesliga,33.0,24.7,11.0,2.61,86.2,0
2016,3rd Round,4,57357,2017-02-08 19:45:00+00:00,Eintracht Frankfurt,169,Hannover 96,166,1,0,90,HDI Arena,18.0,18.0,1.0,1.0,16.0,16.0,11.0,11.0,2.0,-5.0,1,4,2017-02-11 14:30:00+00:00,Bayer Leverkusen,2,0.0,0,270.0,Frankfurt am Main,Bundesliga,35.0,24.1,22.0,2.06,72.25,0
2016,Quarter-finals,3,57355,2017-02-28 17:30:00+00:00,Eintracht Frankfurt,169,Arminia Bielefeld,188,1,1,90,Commerzbank-Arena,30.0,12.0,2.0,1.0,16.0,16.0,11.0,11.0,14.0,-5.0,1,4,2017-03-05 14:30:00+00:00,SC Freiburg,4,0.0,0,0.0,Frankfurt am Main,Bundesliga,35.0,24.1,22.0,2.06,72.25,0
2016,Semi-finals,2,57351,2017-04-25 18:45:00+00:00,Eintracht Frankfurt,169,Borussia Monchengladbach,163,1,0,120,Borussia-Park,4.0,4.0,1.0,1.0,16.0,16.0,11.0,11.0,-12.0,-5.0,0,4,2017-04-30 15:30:00+00:00,1899 Hoffenheim,4,0.0,0,193.0,Frankfurt am Main,Bundesliga,35.0,24.1,22.0,2.06,72.25,1
2016,Final,1,57349,2017-05-27 18:00:00+00:00,Eintracht Frankfurt,169,Borussia Dortmund,165,0,1,90,Olympiastadion,2.0,2.0,1.0,1.0,16.0,16.0,11.0,11.0,-14.0,-5.0,0,4,2017-08-20 13:30:00+00:00,SC Freiburg,84,,1,0.0,Frankfurt am Main,Bundesliga,35.0,24.1,22.0,2.06,72.25,0
2017,3rd Round,4,57407,2017-12-20 19:45:00+00:00,Eintracht Frankfurt,169,FC Heidenheim,180,1,0,120,Voith-Arena (Heidenheim an der Brenz),24.0,6.0,2.0,1.0,11.0,11.0,8.0,8.0,13.0,-3.0,1,4,2018-01-13 14:30:00+00:00,SC Freiburg,23,,1,197.0,Frankfurt am Main,Bundesliga,36.0,25.0,24.0,3.5,126.15,1
2017,Quarter-finals,3,57403,2018-02-07 17:30:00+00:00,Eintracht Frankfurt,169,FSV Mainz 05,164,1,1,90,Commerzbank-Arena (Frankfurt am Main),15.0,15.0,1.0,1.0,11.0,11.0,8.0,8.0,4.0,-3.0,1,4,2018-02-10 14:30:00+00:00,1.FC Köln,2,1.0,3,0.0,Frankfurt am Main,Bundesliga,36.0,25.0,24.0,3.5,126.15,0
2017,Semi-finals,2,57400,2018-04-18 18:45:00+00:00,Eintracht Frankfurt,169,FC Schalke 04,174,1,0,90,VELTINS-Arena (Gelsenkirchen),10.0,10.0,1.0,1.0,11.0,11.0,8.0,8.0,-1.0,-3.0,1,4,2018-04-21 13:30:00+00:00,Hertha Berlin,2,0.0,0,187.0,Frankfurt am Main,Bundesliga,36.0,25.0,24.0,3.5,126.15,0
2017,Final,1,57399,2018-05-19 18:00:00+00:00,Eintracht Frankfurt,169,Bayern Munich,157,1,0,90,Olympiastadion Berlin (Berlin),1.0,1.0,1.0,1.0,11.0,11.0,8.0,8.0,-10.0,-3.0,0,4,2018-08-25 13:30:00+00:00,SC Freiburg,97,1.0,3,306.0,Frankfurt am Main,Bundesliga,36.0,25.0,24.0,3.5,126.15,0
2019,3rd Round,4,250165,2020-02-04 17:30:00+00:00,Eintracht Frankfurt,169,RB Leipzig,173,1,1,90,Commerzbank-Arena,3.0,3.0,1.0,1.0,7.0,7.0,9.0,9.0,-4.0,2.0,0,4,2020-02-07 19:30:00+00:00,FC Augsburg,3,1.0,3,0.0,Frankfurt am Main,Bundesliga,35.0,26.4,24.0,5.97,208.98,0
2019,Quarter-finals,3,324070,2020-03-04 19:45:00+00:00,Eintracht Frankfurt,169,Werder Bremen,162,1,1,90,Commerzbank-Arena,8.0,8.0,1.0,1.0,7.0,7.0,9.0,9.0,1.0,2.0,0,4,2020-03-07 14:30:00+00:00,Bayer Leverkusen,2,0.0,0,0.0,Frankfurt am Main,Bundesliga,35.0,26.4,24.0,5.97,208.98,0
2019,Semi-finals,2,354884,2020-06-10 18:45:00+00:00,Eintracht Frankfurt,169,Bayern Munich,157,0,0,90,Allianz Arena,1.0,1.0,1.0,1.0,7.0,7.0,9.0,9.0,-6.0,2.0,0,4,2020-06-13 13:30:00+00:00,Hertha Berlin,2,1.0,3,306.0,Frankfurt am Main,Bundesliga,35.0,26.4,24.0,5.97,208.98,0
2022,Round of 16,4,968257,2023-02-07 19:45:00+00:00,Eintracht Frankfurt,169,SV Darmstadt 98,181,1,1,90,Deutsche Bank Park,22.0,4.0,2.0,1.0,11.0,11.0,7.0,7.0,11.0,-4.0,1,4,2023-02-12 16:30:00+00:00,1.FC Köln,4,0.0,0,0.0,Frankfurt am Main,Bundesliga,36.0,25.0,22.0,9.02,324.55,0
2022,Quarter-finals,3,1008960,2023-04-04 16:00:00+00:00,Eintracht Frankfurt,169,Union Berlin,182,1,1,90,Deutsche Bank Park,5.0,5.0,1.0,1.0,11.0,11.0,7.0,7.0,-6.0,-4.0,0,4,2023-04-08 13:30:00+00:00,Bayer Leverkusen,3,0.0,0,0.0,Frankfurt am Main,Bundesliga,36.0,25.0,22.0,9.02,324.55,0
2022,Semi-finals,2,1021523,2023-05-03 18:45:00+00:00,Eintracht Frankfurt,169,VfB Stuttgart,172,1,0,90,Mercedes-Benz-Arena,15.0,15.0,1.0,1.0,11.0,11.0,7.0,7.0,4.0,-4.0,1,4,2023-05-06 13:30:00+00:00,1899 Hoffenheim,2,0.0,0,152.0,Frankfurt am Main,Bundesliga,36.0,25.0,22.0,9.02,324.55,0
2022,Final,1,1025223,2023-06-03 18:00:00+00:00,Eintracht Frankfurt,169,RB Leipzig,173,0,0,90,Olympiastadion Berlin,4.0,4.0,1.0,1.0,11.0,11.0,7.0,7.0,-7.0,-4.0,0,4,2023-08-20 15:30:00+00:00,SV Darmstadt 98,77,1.0,3,305.0,Frankfurt am Main,Bundesliga,36.0,25.0,22.0,9.02,324.55,0
2023,Round of 16,4,1141475,2023-12-06 17:00:00+00:00,Eintracht Frankfurt,169,FC Saarbrücken,1639,0,0,90,Stadion Ludwigspark,41.0,5.0,3.0,1.0,7.0,7.0,6.0,6.0,34.0,-1.0,1,4,2023-12-09 14:30:00+00:00,Bayern Munich,2,1.0,3,,Frankfurt am Main,,,,,,,0
2012,8th Finals,4,559938,2012-12-18 19:30:00+00:00,FC Augsburg,170,Bayern Munich,157,0,1,90,SGL Arena,2.0,2.0,1.0,1.0,14.0,14.0,15.0,15.0,-12.0,1.0,0,4,2013-01-20 16:30:00+00:00,Fortuna Dusseldorf,32,1.0,3,0.0,Augsburg,Bundesliga,33.0,26.2,18.0,1.17,38.45,0
2013,8th Finals,4,559879,2013-12-04 19:30:00+00:00,FC Augsburg,170,Bayern Munich,157,0,1,90,SGL arena,1.0,1.0,1.0,1.0,15.0,15.0,8.0,8.0,-14.0,-7.0,0,4,2013-12-07 14:30:00+00:00,Hamburger SV,2,1.0,3,0.0,Augsburg,Bundesliga,35.0,25.2,20.0,1.31,45.95,0
2015,3rd Round,4,559759,2015-12-16 19:30:00+00:00,FC Augsburg,170,Borussia Dortmund,165,0,1,90,WWK Arena,7.0,7.0,1.0,1.0,5.0,5.0,12.0,12.0,2.0,7.0,0,4,2015-12-19 14:30:00+00:00,Hamburger SV,2,1.0,3,0.0,Augsburg,Bundesliga,39.0,25.9,21.0,1.94,75.83,0
2018,3rd Round,4,57514,2019-02-06 17:30:00+00:00,FC Augsburg,170,Holstein Kiel,191,1,0,90,Holstein-Stadion,21.0,3.0,2.0,1.0,12.0,12.0,15.0,15.0,9.0,3.0,1,4,2019-02-10 14:30:00+00:00,Werder Bremen,3,0.0,0,667.0,Augsburg,Bundesliga,40.0,24.9,19.0,3.48,139.25,0
2018,Quarter-finals,3,107272,2019-04-02 18:45:00+00:00,FC Augsburg,170,RB Leipzig,173,0,1,120,WWK Arena,6.0,6.0,1.0,1.0,12.0,12.0,15.0,15.0,-6.0,3.0,0,4,2019-04-07 13:30:00+00:00,1899 Hoffenheim,4,0.0,0,0.0,Augsburg,Bundesliga,40.0,24.9,19.0,3.48,139.25,1
2015,3rd Round,4,559757,2015-12-16 18:00:00+00:00,FC Nurnberg,171,Hertha Berlin,159,0,1,90,Grundig-Stadion,15.0,15.0,1.0,2.0,27.0,9.0,21.0,3.0,-12.0,-6.0,0,4,2015-12-19 12:00:00+00:00,FC Heidenheim,2,1.0,3,0.0,Nuremberg,Bundesliga_2,32.0,25.5,12.0,0.869,27.8,0
2017,3rd Round,4,57410,2017-12-19 19:45:00+00:00,FC Nurnberg,171,VfL Wolfsburg,161,0,1,120,Max-Morlock-Stadion (Nürnberg),16.0,16.0,1.0,2.0,30.0,12.0,20.0,2.0,-14.0,-10.0,0,4,2018-01-23 19:30:00+00:00,Jahn Regensburg,34,,1,0.0,Nuremberg,Bundesliga_2,31.0,25.4,14.0,1.07,33.2,1
2018,3rd Round,4,57511,2019-02-05 17:30:00+00:00,FC Nurnberg,171,Hamburger SV,175,0,0,90,Volksparkstadion,17.0,17.0,1.0,2.0,20.0,2.0,18.0,18.0,-3.0,-2.0,0,4,2019-02-09 14:30:00+00:00,Hannover 96,3,0.0,0,475.0,Nuremberg,Bundesliga,29.0,25.2,12.0,1.88,54.4,0
2022,Round of 16,4,968261,2023-02-08 17:00:00+00:00,FC Nurnberg,171,Fortuna Dusseldorf,158,1,1,120,Max-Morlock-Stadion,28.0,10.0,2.0,2.0,26.0,8.0,32.0,14.0,2.0,6.0,0,4,2023-02-11 12:00:00+00:00,Jahn Regensburg,2,1.0,3,0.0,Nuremberg,Bundesliga_2,40.0,24.6,10.0,0.713,28.53,1
2022,Quarter-finals,3,1008959,2023-04-05 16:00:00+00:00,FC Nurnberg,171,VfB Stuttgart,172,0,1,90,Max-Morlock-Stadion,15.0,15.0,1.0,2.0,26.0,8.0,32.0,14.0,-11.0,6.0,0,4,2023-04-08 11:00:00+00:00,Karlsruher SC,2,,1,0.0,Nuremberg,Bundesliga_2,40.0,24.6,10.0,0.713,28.53,0
2023,Round of 16,4,1141480,2023-12-05 17:00:00+00:00,FC Nurnberg,171,FC Kaiserslautern,745,0,0,90,Fritz-Walter-Stadion,27.0,9.0,2.0,2.0,32.0,14.0,30.0,12.0,-5.0,-2.0,0,4,2023-12-10 12:30:00+00:00,SV Elversberg,4,1.0,3,244.0,Nuremberg,,,,,,,0
2012,8th Finals,4,559942,2012-12-19 19:30:00+00:00,VfB Stuttgart,172,1.FC Köln,192,1,1,90,Mercedes-Benz-Arena,17.0,17.0,1.0,1.0,6.0,6.0,12.0,12.0,11.0,6.0,1,4,2013-01-19 14:30:00+00:00,VfL Wolfsburg,30,0.0,0,0.0,Stuttgart,Bundesliga,34.0,25.4,19.0,2.74,93.13,0
2012,Quarter-finals,3,559945,2013-02-27 18:00:00+00:00,VfB Stuttgart,172,Vfl Bochum,176,1,1,90,Mercedes-Benz-Arena,29.0,11.0,2.0,1.0,6.0,6.0,12.0,12.0,23.0,6.0,1,4,2013-03-02 17:30:00+00:00,Bayer Leverkusen,2,0.0,0,0.0,Stuttgart,Bundesliga,34.0,25.4,19.0,2.74,93.13,0
2012,Semi-finals,2,559948,2013-04-17 18:30:00+00:00,VfB Stuttgart,172,SC Freiburg,160,1,1,90,Mercedes-Benz-Arena,12.0,12.0,1.0,1.0,6.0,6.0,12.0,12.0,6.0,6.0,0,4,2013-04-21 13:30:00+00:00,SC Freiburg,3,1.0,3,0.0,Stuttgart,Bundesliga,34.0,25.4,19.0,2.74,93.13,0
2012,Final,1,559949,2013-06-01 18:00:00+00:00,VfB Stuttgart,172,Bayern Munich,157,0,0,90,Olympiastadion Berlin,2.0,2.0,1.0,1.0,6.0,6.0,12.0,12.0,-4.0,6.0,0,4,2013-08-11 13:30:00+00:00,FSV Mainz 05,70,0.0,0,185.0,Stuttgart,Bundesliga,34.0,25.4,19.0,2.74,93.13,0
2015,3rd Round,4,559758,2015-12-16 18:00:00+00:00,VfB Stuttgart,172,Eintracht Braunschweig,744,1,1,120,Mercedes-Benz-Arena,24.0,6.0,2.0,1.0,14.0,14.0,17.0,17.0,10.0,3.0,1,4,2015-12-19 17:30:00+00:00,VfL Wolfsburg,2,1.0,3,0.0,Stuttgart,Bundesliga,34.0,24.8,19.0,2.39,81.18,1
2015,Quarter-finals,3,559747,2016-02-09 19:30:00+00:00,VfB Stuttgart,172,Borussia Dortmund,165,0,1,90,Mercedes-Benz-Arena,7.0,7.0,1.0,1.0,14.0,14.0,17.0,17.0,-7.0,3.0,0,4,2016-02-13 14:30:00+00:00,Hertha Berlin,3,1.0,3,0.0,Stuttgart,Bundesliga,34.0,24.8,19.0,2.39,81.18,0
2017,3rd Round,4,57412,2017-12-19 17:30:00+00:00,VfB Stuttgart,172,FSV Mainz 05,164,0,0,90,OPEL ARENA (Mainz),15.0,15.0,1.0,2.0,19.0,1.0,7.0,7.0,-4.0,-12.0,1,4,2018-01-13 14:30:00+00:00,Hertha Berlin,24,1.0,3,151.0,Stuttgart,Bundesliga,34.0,24.7,18.0,3.96,134.7,0
2019,3rd Round,4,250166,2020-02-05 17:30:00+00:00,VfB Stuttgart,172,Bayer Leverkusen,168,0,0,90,BayArena,4.0,4.0,1.0,1.0,16.0,16.0,20.0,2.0,-12.0,4.0,0,4,2020-02-08 12:00:00+00:00,Erzgebirge AUE,2,1.0,3,294.0,Stuttgart,Bundesliga_2,34.0,24.0,16.0,2.08,70.8,0
2020,Round of 16,4,655487,2021-02-03 19:45:00+00:00,VfB Stuttgart,172,Borussia Monchengladbach,163,0,1,90,Mercedes-Benz-Arena,4.0,4.0,1.0,2.0,20.0,2.0,9.0,9.0,-16.0,-11.0,0,4,2021-02-06 14:30:00+00:00,Bayer Leverkusen,2,0.0,0,0.0,Stuttgart,Bundesliga,32.0,23.8,16.0,5.91,189.25,0
2022,Round of 16,4,968255,2023-01-31 17:00:00+00:00,VfB Stuttgart,172,SC Paderborn 07,185,1,0,90,Home Deluxe Arena,25.0,7.0,2.0,1.0,15.0,15.0,16.0,16.0,10.0,1.0,1,4,2023-02-05 14:30:00+00:00,Werder Bremen,4,0.0,0,326.0,Stuttgart,Bundesliga,39.0,23.2,21.0,3.87,151.05,0
2022,Quarter-finals,3,1008959,2023-04-05 16:00:00+00:00,VfB Stuttgart,172,FC Nurnberg,171,1,0,90,Max-Morlock-Stadion,26.0,8.0,2.0,1.0,15.0,15.0,16.0,16.0,11.0,1.0,1,4,2023-04-09 15:30:00+00:00,Vfl Bochum,3,1.0,3,156.0,Stuttgart,Bundesliga,39.0,23.2,21.0,3.87,151.05,0
2022,Semi-finals,2,1021523,2023-05-03 18:45:00+00:00,VfB Stuttgart,172,Eintracht Frankfurt,169,0,1,90,Mercedes-Benz-Arena,11.0,11.0,1.0,1.0,15.0,15.0,16.0,16.0,-4.0,1.0,0,4,2023-05-06 13:30:00+00:00,Hertha Berlin,2,0.0,0,0.0,Stuttgart,Bundesliga,39.0,23.2,21.0,3.87,151.05,0
2023,Round of 16,4,1141474,2023-12-06 19:45:00+00:00,VfB Stuttgart,172,Borussia Dortmund,165,1,1,90,MHP Arena,2.0,2.0,1.0,1.0,16.0,16.0,2.0,2.0,-14.0,-14.0,0,4,2023-12-10 14:30:00+00:00,Bayer Leverkusen,3,,1,0.0,Stuttgart,,,,,,,0
2023,Quarter-finals,3,1147023,2024-02-06 19:45:00+00:00,VfB Stuttgart,172,Bayer Leverkusen,168,0,0,90,BayArena,6.0,6.0,1.0,1.0,16.0,16.0,2.0,2.0,-10.0,-14.0,1,4,2024-02-11 14:30:00+00:00,FSV Mainz 05,4,1.0,3,294.0,Stuttgart,,,,,,,0
2014,8th Finals,4,559813,2015-03-04 18:00:00+00:00,RB Leipzig,173,VfL Wolfsburg,161,0,1,90,Red Bull Arena,5.0,5.0,1.0,3.0,38.0,2.0,23.0,5.0,-33.0,-15.0,0,4,2015-03-09 19:15:00+00:00,Karlsruher SC,5,,1,0.0,Leipzig,Bundesliga_2,35.0,24.3,15.0,0.933,32.65,0
2018,3rd Round,4,57515,2019-02-06 17:30:00+00:00,RB Leipzig,173,VfL Wolfsburg,161,1,1,90,Red Bull Arena,16.0,16.0,1.0,1.0,6.0,6.0,3.0,3.0,10.0,-3.0,1,4,2019-02-09 14:30:00+00:00,Eintracht Frankfurt,2,,1,0.0,Leipzig,Bundesliga,34.0,22.6,22.0,14.09,479.0,0
2018,Quarter-finals,3,107272,2019-04-02 18:45:00+00:00,RB Leipzig,173,FC Augsburg,170,1,0,120,WWK Arena,12.0,12.0,1.0,1.0,6.0,6.0,3.0,3.0,6.0,-3.0,1,4,2019-04-06 13:30:00+00:00,Bayer Leverkusen,3,1.0,3,347.0,Leipzig,Bundesliga,34.0,22.6,22.0,14.09,479.0,1
2018,Semi-finals,2,108265,2019-04-23 18:45:00+00:00,RB Leipzig,173,Hamburger SV,175,1,0,90,Volksparkstadion,17.0,17.0,1.0,1.0,6.0,6.0,3.0,3.0,11.0,-3.0,1,4,2019-04-27 13:30:00+00:00,SC Freiburg,3,1.0,3,300.0,Leipzig,Bundesliga,34.0,22.6,22.0,14.09,479.0,0
2018,Final,1,113989,2019-05-25 18:00:00+00:00,RB Leipzig,173,Bayern Munich,157,0,1,90,Olympiastadion,1.0,1.0,1.0,1.0,6.0,6.0,3.0,3.0,-5.0,-3.0,0,4,2019-08-18 16:00:00+00:00,Union Berlin,84,1.0,3,0.0,Leipzig,Bundesliga,34.0,22.6,22.0,14.09,479.0,0
2019,3rd Round,4,250165,2020-02-04 17:30:00+00:00,RB Leipzig,173,Eintracht Frankfurt,169,0,0,90,Commerzbank-Arena,7.0,7.0,1.0,1.0,3.0,3.0,3.0,3.0,4.0,0.0,1,4,2020-02-09 17:00:00+00:00,Bayern Munich,4,,1,305.0,Leipzig,Bundesliga,38.0,23.0,26.0,15.01,570.48,0
2020,Round of 16,4,655484,2021-02-03 17:30:00+00:00,RB Leipzig,173,Vfl Bochum,176,1,1,90,Red Bull Arena,26.0,8.0,2.0,1.0,3.0,3.0,2.0,2.0,23.0,-1.0,1,4,2021-02-06 14:30:00+00:00,FC Schalke 04,2,1.0,3,0.0,Leipzig,Bundesliga,32.0,23.7,23.0,17.97,574.95,0
2020,Quarter-finals,3,675017,2021-03-03 19:45:00+00:00,RB Leipzig,173,VfL Wolfsburg,161,1,1,90,Red Bull Arena,7.0,7.0,1.0,1.0,3.0,3.0,2.0,2.0,4.0,-1.0,1,4,2021-03-06 14:30:00+00:00,SC Freiburg,2,1.0,3,0.0,Leipzig,Bundesliga,32.0,23.7,23.0,17.97,574.95,0
2020,Semi-finals,2,700143,2021-04-30 18:30:00+00:00,RB Leipzig,173,Werder Bremen,162,1,0,120,wohninvest WESERSTADION,16.0,16.0,1.0,1.0,3.0,3.0,2.0,2.0,13.0,-1.0,1,4,2021-05-08 13:30:00+00:00,Borussia Dortmund,7,0.0,0,307.0,Leipzig,Bundesliga,32.0,23.7,23.0,17.97,574.95,1
2020,Final,1,700980,2021-05-13 18:45:00+00:00,RB Leipzig,173,Borussia Dortmund,165,0,1,90,Olympiastadion Berlin,2.0,2.0,1.0,1.0,3.0,3.0,2.0,2.0,-1.0,-1.0,0,4,2021-05-16 18:30:00+00:00,VfL Wolfsburg,2,,1,0.0,Leipzig,Bundesliga,32.0,23.7,23.0,17.97,574.95,0
2021,Round of 16,4,810124,2022-01-19 17:30:00+00:00,RB Leipzig,173,Hansa Rostock,1321,1,1,90,Red Bull Arena,38.0,2.0,3.0,1.0,2.0,2.0,4.0,4.0,36.0,2.0,1,4,2022-01-23 14:30:00+00:00,VfL Wolfsburg,3,1.0,3,0.0,Leipzig,Bundesliga,34.0,23.9,23.0,14.68,498.95,0
2021,Quarter-finals,3,832029,2022-03-02 17:30:00+00:00,RB Leipzig,173,Hannover 96,166,1,0,90,HDI-Arena,31.0,13.0,2.0,1.0,2.0,2.0,4.0,4.0,29.0,2.0,1,4,2022-03-05 14:30:00+00:00,SC Freiburg,2,,1,211.0,Leipzig,Bundesliga,34.0,23.9,23.0,14.68,498.95,0
2021,Semi-finals,2,847642,2022-04-20 18:45:00+00:00,RB Leipzig,173,Union Berlin,182,1,1,90,Red Bull Arena,7.0,7.0,1.0,1.0,2.0,2.0,4.0,4.0,5.0,2.0,1,4,2022-04-23 13:30:00+00:00,Union Berlin,2,0.0,0,0.0,Leipzig,Bundesliga,34.0,23.9,23.0,14.68,498.95,0
2021,Final,1,858630,2022-05-21 18:00:00+00:00,RB Leipzig,173,SC Freiburg,160,1,0,120,Olympiastadion Berlin,10.0,10.0,1.0,1.0,2.0,2.0,4.0,4.0,8.0,2.0,1,4,2022-08-07 13:30:00+00:00,VfB Stuttgart,77,,1,493.0,Leipzig,Bundesliga,34.0,23.9,23.0,14.68,498.95,1
2022,Round of 16,4,968260,2023-02-01 17:00:00+00:00,RB Leipzig,173,1899 Hoffenheim,167,1,1,90,Red Bull Arena,9.0,9.0,1.0,1.0,4.0,4.0,3.0,3.0,5.0,-1.0,1,4,2023-02-04 14:30:00+00:00,1.FC Köln,2,,1,0.0,Leipzig,Bundesliga,29.0,25.6,19.0,16.77,486.4,0
2022,Quarter-finals,3,1008958,2023-04-05 18:45:00+00:00,RB Leipzig,173,Borussia Dortmund,165,1,1,90,Red Bull Arena,2.0,2.0,1.0,1.0,4.0,4.0,3.0,3.0,-2.0,-1.0,0,4,2023-04-08 16:30:00+00:00,Hertha Berlin,2,1.0,3,0.0,Leipzig,Bundesliga,29.0,25.6,19.0,16.77,486.4,0
2022,Semi-finals,2,1021522,2023-05-02 18:45:00+00:00,RB Leipzig,173,SC Freiburg,160,1,0,90,Europa-Park Stadion,6.0,6.0,1.0,1.0,4.0,4.0,3.0,3.0,2.0,-1.0,1,4,2023-05-06 13:30:00+00:00,SC Freiburg,3,1.0,3,493.0,Leipzig,Bundesliga,29.0,25.6,19.0,16.77,486.4,0
2022,Final,1,1025223,2023-06-03 18:00:00+00:00,RB Leipzig,173,Eintracht Frankfurt,169,1,1,90,Olympiastadion Berlin,11.0,11.0,1.0,1.0,4.0,4.0,3.0,3.0,7.0,-1.0,1,4,2023-08-19 13:30:00+00:00,Bayer Leverkusen,76,0.0,0,0.0,Leipzig,Bundesliga,29.0,25.6,19.0,16.77,486.4,0
2012,8th Finals,4,559936,2012-12-18 18:00:00+00:00,FC Schalke 04,174,FSV Mainz 05,164,0,1,90,Veltins-Arena,13.0,13.0,1.0,1.0,3.0,3.0,4.0,4.0,10.0,1.0,1,4,2013-01-18 19:30:00+00:00,Hannover 96,31,1.0,3,0.0,Gelsenkirchen,Bundesliga,34.0,24.8,22.0,5.4,183.55,0
2013,8th Finals,4,559874,2013-12-03 19:30:00+00:00,FC Schalke 04,174,1899 Hoffenheim,167,0,1,90,Veltins-Arena,16.0,16.0,1.0,1.0,4.0,4.0,3.0,3.0,12.0,-1.0,1,4,2013-12-07 14:30:00+00:00,Borussia Monchengladbach,3,0.0,0,0.0,Gelsenkirchen,Bundesliga,38.0,24.4,18.0,5.35,203.25,0
2016,3rd Round,4,57359,2017-02-08 17:30:00+00:00,FC Schalke 04,174,SV Sandhausen,189,1,0,90,Hardtwaldstadion,31.0,13.0,2.0,1.0,5.0,5.0,10.0,10.0,26.0,5.0,1,4,2017-02-11 17:30:00+00:00,Hertha Berlin,3,1.0,3,266.0,Gelsenkirchen,Bundesliga,39.0,24.7,22.0,5.57,217.25,0
2016,Quarter-finals,3,57353,2017-03-01 19:45:00+00:00,FC Schalke 04,174,Bayern Munich,157,0,0,90,Allianz Arena,1.0,1.0,1.0,1.0,5.0,5.0,10.0,10.0,-4.0,5.0,0,4,2017-03-04 17:30:00+00:00,Borussia Monchengladbach,2,0.0,0,489.0,Gelsenkirchen,Bundesliga,39.0,24.7,22.0,5.57,217.25,0
2017,3rd Round,4,57411,2017-12-19 19:45:00+00:00,FC Schalke 04,174,1.FC Köln,192,1,1,90,VELTINS-Arena (Gelsenkirchen),5.0,5.0,1.0,1.0,10.0,10.0,2.0,2.0,-5.0,-8.0,1,4,2018-01-13 17:30:00+00:00,RB Leipzig,24,0.0,0,0.0,Gelsenkirchen,Bundesliga,29.0,25.5,18.0,9.46,274.35,0
2017,Quarter-finals,3,57402,2018-02-07 19:45:00+00:00,FC Schalke 04,174,VfL Wolfsburg,161,1,1,90,VELTINS-Arena (Gelsenkirchen),16.0,16.0,1.0,1.0,10.0,10.0,2.0,2.0,6.0,-8.0,1,4,2018-02-10 17:30:00+00:00,Bayern Munich,2,0.0,0,0.0,Gelsenkirchen,Bundesliga,29.0,25.5,18.0,9.46,274.35,0
2017,Semi-finals,2,57400,2018-04-18 18:45:00+00:00,FC Schalke 04,174,Eintracht Frankfurt,169,0,1,90,VELTINS-Arena (Gelsenkirchen),11.0,11.0,1.0,1.0,10.0,10.0,2.0,2.0,1.0,-8.0,1,4,2018-04-22 16:00:00+00:00,1.FC Köln,3,,1,0.0,Gelsenkirchen,Bundesliga,29.0,25.5,18.0,9.46,274.35,0
2018,3rd Round,4,57516,2019-02-06 19:45:00+00:00,FC Schalke 04,174,Fortuna Dusseldorf,158,1,1,90,VELTINS-Arena,19.0,1.0,2.0,1.0,2.0,2.0,14.0,14.0,17.0,12.0,1,4,2019-02-09 17:30:00+00:00,Bayern Munich,2,0.0,0,0.0,Gelsenkirchen,Bundesliga,39.0,25.1,24.0,5.67,221.3,0
2018,Quarter-finals,3,107274,2019-04-03 18:45:00+00:00,FC Schalke 04,174,Werder Bremen,162,0,1,90,VELTINS-Arena,11.0,11.0,1.0,1.0,2.0,2.0,14.0,14.0,9.0,12.0,0,4,2019-04-06 13:30:00+00:00,Eintracht Frankfurt,2,0.0,0,0.0,Gelsenkirchen,Bundesliga,39.0,25.1,24.0,5.67,221.3,0
2019,3rd Round,4,313878,2020-02-04 19:45:00+00:00,FC Schalke 04,174,Hertha Berlin,159,1,1,120,VELTINS-Arena,11.0,11.0,1.0,1.0,14.0,14.0,12.0,12.0,-3.0,-2.0,0,4,2020-02-08 14:30:00+00:00,SC Paderborn 07,3,,1,0.0,Gelsenkirchen,Bundesliga,33.0,24.2,20.0,6.71,221.58,1
2019,Quarter-finals,3,324068,2020-03-03 19:45:00+00:00,FC Schalke 04,174,Bayern Munich,157,0,1,90,VELTINS-Arena,1.0,1.0,1.0,1.0,14.0,14.0,12.0,12.0,-13.0,-2.0,0,4,2020-03-07 14:30:00+00:00,1899 Hoffenheim,3,,1,0.0,Gelsenkirchen,Bundesliga,33.0,24.2,20.0,6.71,221.58,0
2020,Round of 16,4,655488,2021-02-03 17:30:00+00:00,FC Schalke 04,174,VfL Wolfsburg,161,0,0,90,VOLKSWAGEN ARENA,7.0,7.0,1.0,1.0,12.0,12.0,18.0,18.0,-5.0,6.0,0,4,2021-02-06 14:30:00+00:00,RB Leipzig,2,0.0,0,274.0,Gelsenkirchen,Bundesliga,45.0,24.8,27.0,2.73,123.05,0
2013,8th Finals,4,559873,2013-12-03 18:00:00+00:00,Hamburger SV,175,1.FC Köln,192,1,1,90,Imtech Arena,23.0,5.0,2.0,1.0,7.0,7.0,16.0,16.0,16.0,9.0,1,4,2013-12-07 14:30:00+00:00,FC Augsburg,3,0.0,0,0.0,Hamburg,Bundesliga,34.0,24.9,18.0,3.02,102.78,0
2013,Quarter-finals,3,559883,2014-02-12 19:30:00+00:00,Hamburger SV,175,Bayern Munich,157,0,1,90,Imtech Arena,1.0,1.0,1.0,1.0,7.0,7.0,16.0,16.0,-6.0,9.0,0,4,2014-02-15 14:30:00+00:00,Eintracht Braunschweig,2,0.0,0,0.0,Hamburg,Bundesliga,34.0,24.9,18.0,3.02,102.78,0
2016,3rd Round,4,57363,2017-02-07 17:30:00+00:00,Hamburger SV,175,1.FC Köln,192,1,1,90,Volksparkstadion,9.0,9.0,1.0,1.0,10.0,10.0,14.0,14.0,-1.0,4.0,0,4,2017-02-11 14:30:00+00:00,RB Leipzig,3,1.0,3,0.0,Hamburg,Bundesliga,38.0,24.6,21.0,2.12,80.48,0
2016,Quarter-finals,3,57354,2017-03-01 17:30:00+00:00,Hamburger SV,175,Borussia Monchengladbach,163,0,1,90,Volksparkstadion,4.0,4.0,1.0,1.0,10.0,10.0,14.0,14.0,-6.0,4.0,0,4,2017-03-05 16:30:00+00:00,Hertha Berlin,3,1.0,3,0.0,Hamburg,Bundesliga,38.0,24.6,21.0,2.12,80.48,0
2018,3rd Round,4,57511,2019-02-05 17:30:00+00:00,Hamburger SV,175,FC Nurnberg,171,1,1,90,Volksparkstadion,20.0,2.0,2.0,1.0,17.0,17.0,22.0,4.0,3.0,5.0,0,4,2019-02-11 19:30:00+00:00,Dynamo Dresden,6,1.0,3,0.0,Hamburg,Bundesliga_2,39.0,23.2,22.0,2.23,86.85,0
2018,Quarter-finals,3,107271,2019-04-02 16:30:00+00:00,Hamburger SV,175,SC Paderborn 07,185,1,0,90,Benteler-Arena,37.0,1.0,3.0,1.0,17.0,17.0,22.0,4.0,20.0,5.0,1,4,2019-04-08 18:30:00+00:00,FC Magdeburg,6,0.0,0,232.0,Hamburg,Bundesliga_2,39.0,23.2,22.0,2.23,86.85,0
2018,Semi-finals,2,108265,2019-04-23 18:45:00+00:00,Hamburger SV,175,RB Leipzig,173,0,1,90,Volksparkstadion,6.0,6.0,1.0,1.0,17.0,17.0,22.0,4.0,-11.0,5.0,0,4,2019-04-28 11:30:00+00:00,Union Berlin,4,0.0,0,0.0,Hamburg,Bundesliga_2,39.0,23.2,22.0,2.23,86.85,0
2021,Round of 16,4,810123,2022-01-18 17:30:00+00:00,Hamburger SV,175,1.FC Köln,192,1,0,120,RheinEnergieStadion,16.0,16.0,1.0,2.0,22.0,4.0,21.0,3.0,-6.0,-1.0,0,4,2022-01-21 17:30:00+00:00,FC St. Pauli,3,1.0,3,372.0,Hamburg,Bundesliga_2,35.0,24.0,13.0,1.25,43.73,1
2021,Quarter-finals,3,832028,2022-03-02 17:30:00+00:00,Hamburger SV,175,Karlsruher SC,785,1,1,120,Volksparkstadion,24.0,6.0,2.0,2.0,22.0,4.0,21.0,3.0,2.0,-1.0,1,4,2022-03-05 19:30:00+00:00,FC Nurnberg,3,0.0,0,0.0,Hamburg,Bundesliga_2,35.0,24.0,13.0,1.25,43.73,1
2021,Semi-finals,2,847641,2022-04-19 18:45:00+00:00,Hamburger SV,175,SC Freiburg,160,0,1,90,Volksparkstadion,10.0,10.0,1.0,2.0,22.0,4.0,21.0,3.0,-12.0,-1.0,0,4,2022-04-23 11:30:00+00:00,Jahn Regensburg,3,1.0,3,0.0,Hamburg,Bundesliga_2,35.0,24.0,13.0,1.25,43.73,0
2023,Round of 16,4,1141477,2023-12-06 19:45:00+00:00,Hamburger SV,175,Hertha Berlin,159,0,0,120,Olympiastadion Berlin,18.0,18.0,1.0,2.0,21.0,3.0,22.0,4.0,-3.0,1.0,0,4,2023-12-09 12:00:00+00:00,SC Paderborn 07,2,0.0,0,,Hamburg,,,,,,,1
2012,8th Finals,4,559940,2012-12-19 18:00:00+00:00,Vfl Bochum,176,TSV 1860 Munich,786,1,1,90,rewirpowerSTADION,24.0,6.0,2.0,2.0,29.0,11.0,32.0,14.0,-5.0,3.0,0,4,2013-02-01 17:00:00+00:00,VfR Aalen,43,,1,0.0,Bochum,Bundesliga_2,33.0,25.0,12.0,0.56,18.48,0
2012,Quarter-finals,3,559945,2013-02-27 18:00:00+00:00,Vfl Bochum,176,VfB Stuttgart,172,0,0,90,Mercedes-Benz-Arena,6.0,6.0,1.0,2.0,29.0,11.0,32.0,14.0,-23.0,3.0,0,4,2013-03-02 12:00:00+00:00,FC Kaiserslautern,2,,1,332.0,Bochum,Bundesliga_2,33.0,25.0,12.0,0.56,18.48,0
2015,3rd Round,4,559760,2015-12-16 19:30:00+00:00,Vfl Bochum,176,TSV 1860 Munich,786,1,0,90,Allianz-Arena,34.0,16.0,2.0,2.0,29.0,11.0,23.0,5.0,5.0,-6.0,1,4,2015-12-20 12:30:00+00:00,MSV Duisburg,3,,1,489.0,Bochum,Bundesliga_2,31.0,24.5,15.0,0.51,15.8,0
2015,Quarter-finals,3,559749,2016-02-10 19:30:00+00:00,Vfl Bochum,176,Bayern Munich,157,0,1,90,rewirpowerSTADION,1.0,1.0,1.0,2.0,29.0,11.0,23.0,5.0,-28.0,-6.0,0,4,2016-02-15 19:15:00+00:00,FC Nurnberg,4,,1,0.0,Bochum,Bundesliga_2,31.0,24.5,15.0,0.51,15.8,0
2020,Round of 16,4,655484,2021-02-03 17:30:00+00:00,Vfl Bochum,176,RB Leipzig,173,0,0,90,Red Bull Arena,3.0,3.0,1.0,2.0,26.0,8.0,19.0,1.0,-23.0,-7.0,0,4,2021-02-06 12:00:00+00:00,VfL Osnabruck,2,1.0,3,356.0,Bochum,Bundesliga_2,31.0,26.0,13.0,1.09,33.9,0
2021,Round of 16,4,810125,2022-01-18 19:45:00+00:00,Vfl Bochum,176,FSV Mainz 05,164,1,1,90,Vonovia Ruhrstadion,12.0,12.0,1.0,2.0,19.0,1.0,13.0,13.0,-7.0,-6.0,0,4,2022-01-22 17:30:00+00:00,1.FC Köln,3,,1,0.0,Bochum,Bundesliga,33.0,27.3,16.0,1.58,52.25,0
2021,Quarter-finals,3,832030,2022-03-02 19:45:00+00:00,Vfl Bochum,176,SC Freiburg,160,0,1,120,Vonovia Ruhrstadion,10.0,10.0,1.0,2.0,19.0,1.0,13.0,13.0,-9.0,-6.0,0,4,2022-03-05 14:30:00+00:00,SpVgg Greuther Furth,2,1.0,3,0.0,Bochum,Bundesliga,33.0,27.3,16.0,1.58,52.25,1
2022,Round of 16,4,968258,2023-02-08 19:45:00+00:00,Vfl Bochum,176,Borussia Dortmund,165,0,1,90,Vonovia Ruhrstadion,2.0,2.0,1.0,1.0,13.0,13.0,14.0,14.0,-11.0,1.0,0,4,2023-02-11 14:30:00+00:00,Bayern Munich,2,0.0,0,0.0,Bochum,Bundesliga,32.0,27.7,18.0,1.68,53.7,0
2020,Round of 16,4,655485,2021-02-03 19:45:00+00:00,Jahn Regensburg,177,1.FC Köln,192,1,1,120,Jahnstadion Regensburg,14.0,14.0,1.0,2.0,30.0,12.0,32.0,14.0,-16.0,2.0,0,4,2021-02-07 12:30:00+00:00,Karlsruher SC,3,,1,0.0,Regensburg,Bundesliga_2,30.0,25.6,5.0,0.433,12.98,1
2020,Quarter-finals,3,675016,2021-04-07 16:30:00+00:00,Jahn Regensburg,177,Werder Bremen,162,0,1,90,Jahnstadion Regensburg,16.0,16.0,1.0,2.0,30.0,12.0,32.0,14.0,-14.0,2.0,0,4,2021-04-14 16:30:00+00:00,VfL Osnabruck,7,1.0,3,0.0,Regensburg,Bundesliga_2,30.0,25.6,5.0,0.433,12.98,0
2016,3rd Round,4,57361,2017-02-07 19:45:00+00:00,SpVgg Greuther Furth,178,Borussia Monchengladbach,163,0,1,90,Sportpark Ronhof Thomas Sommer,4.0,4.0,1.0,2.0,27.0,9.0,26.0,8.0,-23.0,-1.0,0,4,2017-02-10 17:30:00+00:00,Erzgebirge AUE,2,,1,0.0,Fürth,Bundesliga_2,38.0,24.8,19.0,0.464,17.65,0
2020,Round of 16,4,655486,2021-02-02 19:45:00+00:00,SpVgg Greuther Furth,178,Werder Bremen,162,0,0,90,wohninvest WESERSTADION,16.0,16.0,1.0,2.0,27.0,9.0,20.0,2.0,-11.0,-7.0,0,4,2021-02-07 12:30:00+00:00,FC Wurzburger Kickers,4,1.0,3,424.0,Fürth,Bundesliga_2,27.0,23.7,12.0,1.13,30.53,0
2023,Round of 16,4,1141481,2023-12-05 17:00:00+00:00,FC Magdeburg,179,Fortuna Dusseldorf,158,0,1,90,MDCC-Arena,22.0,4.0,2.0,2.0,29.0,11.0,32.0,14.0,-7.0,3.0,0,4,2023-12-09 12:00:00+00:00,SpVgg Greuther Furth,3,,1,0.0,Magdeburg,,,,,,,0
2015,3rd Round,4,559755,2015-12-15 19:30:00+00:00,FC Heidenheim,180,Erzgebirge AUE,190,1,0,90,Sparkassen-Erzgebirgsstadion,35.0,17.0,2.0,2.0,26.0,8.0,29.0,11.0,9.0,3.0,1,4,2015-12-19 12:00:00+00:00,FC Nurnberg,3,0.0,0,283.0,Heidenheim an der Brenz,Bundesliga_2,28.0,25.4,4.0,0.488,13.65,0
2015,Quarter-finals,3,559748,2016-02-10 18:00:00+00:00,FC Heidenheim,180,Hertha Berlin,159,0,1,90,Voith-Arena,15.0,15.0,1.0,2.0,26.0,8.0,29.0,11.0,-11.0,3.0,0,4,2016-02-13 12:00:00+00:00,SV Sandhausen,2,,1,0.0,Heidenheim an der Brenz,Bundesliga_2,28.0,25.4,4.0,0.488,13.65,0
2017,3rd Round,4,57407,2017-12-20 19:45:00+00:00,FC Heidenheim,180,Eintracht Frankfurt,169,0,1,120,Voith-Arena (Heidenheim an der Brenz),11.0,11.0,1.0,2.0,24.0,6.0,28.0,10.0,-13.0,4.0,0,4,2018-01-24 19:30:00+00:00,Eintracht Braunschweig,34,1.0,3,0.0,Heidenheim an der Brenz,Bundesliga_2,29.0,25.1,5.0,0.499,14.48,1
2018,3rd Round,4,57510,2019-02-05 17:30:00+00:00,FC Heidenheim,180,Bayer Leverkusen,168,1,1,90,Voith-Arena,5.0,5.0,1.0,2.0,28.0,10.0,23.0,5.0,-23.0,-5.0,0,4,2019-02-10 12:30:00+00:00,SV Darmstadt 98,4,1.0,3,0.0,Heidenheim an der Brenz,Bundesliga_2,30.0,24.8,1.0,0.677,20.3,0
2018,Quarter-finals,3,107273,2019-04-03 16:30:00+00:00,FC Heidenheim,180,Bayern Munich,157,0,0,90,Allianz Arena,1.0,1.0,1.0,2.0,28.0,10.0,23.0,5.0,-27.0,-5.0,0,4,2019-04-07 11:30:00+00:00,1.FC Köln,3,0.0,0,117.0,Heidenheim an der Brenz,Bundesliga_2,30.0,24.8,1.0,0.677,20.3,0
2015,3rd Round,4,559756,2015-12-15 19:30:00+00:00,SV Darmstadt 98,181,Bayern Munich,157,0,0,90,Allianz-Arena,1.0,1.0,1.0,2.0,20.0,2.0,14.0,14.0,-19.0,-6.0,0,4,2015-12-20 16:30:00+00:00,Borussia Monchengladbach,4,0.0,0,283.0,Darmstadt,Bundesliga,30.0,27.3,8.0,0.838,25.15,0
2020,Round of 16,4,663695,2021-02-02 17:30:00+00:00,SV Darmstadt 98,181,Holstein Kiel,191,0,0,120,Holstein-Stadion,29.0,11.0,2.0,2.0,23.0,5.0,25.0,7.0,6.0,2.0,1,4,2021-02-06 12:00:00+00:00,FC Nurnberg,3,0.0,0,508.0,Darmstadt,Bundesliga_2,32.0,25.1,11.0,0.532,17.03,1
2022,Round of 16,4,968257,2023-02-07 19:45:00+00:00,SV Darmstadt 98,181,Eintracht Frankfurt,169,0,0,90,Deutsche Bank Park,11.0,11.0,1.0,2.0,22.0,4.0,20.0,2.0,-11.0,-2.0,0,4,2023-02-12 12:30:00+00:00,Eintracht Braunschweig,4,1.0,3,26.0,Darmstadt,Bundesliga_2,29.0,25.3,11.0,0.961,27.88,0
2013,8th Finals,4,559872,2013-12-03 18:00:00+00:00,Union Berlin,182,FC Kaiserslautern,745,0,1,90,Stadion An der Alten Försterei,21.0,3.0,2.0,2.0,25.0,7.0,27.0,9.0,-4.0,2.0,0,4,2013-12-07 12:00:00+00:00,TSV 1860 Munich,3,0.0,0,0.0,Berlin,Bundesliga_2,30.0,25.8,10.0,0.461,13.83,0
2019,3rd Round,4,250171,2020-02-05 17:30:00+00:00,Union Berlin,182,Verl,4265,1,0,90,SPORTCLUB Arena,21.0,0.0,4.0,2.0,21.0,3.0,11.0,11.0,0.0,-10.0,1,4,2020-02-08 14:30:00+00:00,Werder Bremen,2,1.0,3,352.0,Berlin,Bundesliga,34.0,26.2,11.0,1.21,41.2,0
2019,Quarter-finals,3,324069,2020-03-04 17:30:00+00:00,Union Berlin,182,Bayer Leverkusen,168,0,0,90,BayArena,4.0,4.0,1.0,2.0,21.0,3.0,11.0,11.0,-17.0,-10.0,0,4,2020-03-07 14:30:00+00:00,SC Freiburg,2,0.0,0,481.0,Berlin,Bundesliga,34.0,26.2,11.0,1.21,41.2,0
2021,Round of 16,4,810122,2022-01-19 19:45:00+00:00,Union Berlin,182,Hertha Berlin,159,1,0,90,Olympiastadion Berlin,14.0,14.0,1.0,1.0,7.0,7.0,5.0,5.0,7.0,-2.0,1,4,2022-01-22 14:30:00+00:00,Borussia Monchengladbach,2,1.0,3,23.0,Berlin,Bundesliga,40.0,26.6,15.0,2.9,115.9,0
2021,Quarter-finals,3,832027,2022-03-01 19:45:00+00:00,Union Berlin,182,FC St. Pauli,186,1,1,90,Stadion An der Alten Försterei,28.0,10.0,2.0,1.0,7.0,7.0,5.0,5.0,21.0,-2.0,1,4,2022-03-05 14:30:00+00:00,VfL Wolfsburg,3,0.0,0,0.0,Berlin,Bundesliga,40.0,26.6,15.0,2.9,115.9,0
2021,Semi-finals,2,847642,2022-04-20 18:45:00+00:00,Union Berlin,182,RB Leipzig,173,0,0,90,Red Bull Arena,2.0,2.0,1.0,1.0,7.0,7.0,5.0,5.0,-5.0,-2.0,0,4,2022-04-23 13:30:00+00:00,RB Leipzig,2,1.0,3,149.0,Berlin,Bundesliga,40.0,26.6,15.0,2.9,115.9,0
2022,Round of 16,4,968256,2023-01-31 19:45:00+00:00,Union Berlin,182,VfL Wolfsburg,161,1,1,90,Stadion An der Alten Försterei,12.0,12.0,1.0,1.0,5.0,5.0,4.0,4.0,7.0,-1.0,1,4,2023-02-04 14:30:00+00:00,FSV Mainz 05,3,1.0,3,0.0,Berlin,Bundesliga,36.0,26.9,17.0,4.39,157.95,0
2022,Quarter-finals,3,1008960,2023-04-04 16:00:00+00:00,Union Berlin,182,Eintracht Frankfurt,169,0,0,90,Deutsche Bank Park,11.0,11.0,1.0,1.0,5.0,5.0,4.0,4.0,6.0,-1.0,1,4,2023-04-08 13:30:00+00:00,Borussia Dortmund,3,0.0,0,440.0,Berlin,Bundesliga,36.0,26.9,17.0,4.39,157.95,0
2014,8th Finals,4,559812,2015-03-03 19:30:00+00:00,Dynamo Dresden,183,Borussia Dortmund,165,0,1,90,Stadion Dresden,2.0,2.0,1.0,2.0,35.0,17.0,42.0,6.0,-33.0,7.0,0,4,2015-03-07 13:00:00+00:00,SG Sonnenhof Grossaspach,3,0.0,0,0.0,Dresden,Bundesliga_3,29.0,23.5,3.0,0.2,5.8,0
2013,8th Finals,4,559877,2013-12-04 18:00:00+00:00,FC Ingolstadt 04,184,VfL Wolfsburg,161,0,0,90,VOLKSWAGEN ARENA,11.0,11.0,1.0,2.0,31.0,13.0,28.0,10.0,-20.0,-3.0,0,4,2013-12-08 12:30:00+00:00,Energie Cottbus,3,1.0,3,410.0,Ingolstadt,Bundesliga_2,30.0,25.7,14.0,0.491,14.73,0
2017,3rd Round,4,57413,2017-12-19 17:30:00+00:00,FC Ingolstadt 04,184,SC Paderborn 07,185,0,0,90,Benteler-Arena (Paderborn),54.0,18.0,3.0,1.0,17.0,17.0,23.0,5.0,37.0,6.0,1,4,2018-01-23 19:30:00+00:00,SV Sandhausen,35,,1,380.0,Ingolstadt,Bundesliga_2,32.0,25.7,15.0,1.07,34.33,0
2017,3rd Round,4,57413,2017-12-19 17:30:00+00:00,SC Paderborn 07,185,FC Ingolstadt 04,184,1,1,90,Benteler-Arena (Paderborn),17.0,17.0,1.0,3.0,54.0,18.0,37.0,1.0,-37.0,-17.0,0,4,2018-01-20 13:00:00+00:00,Chemnitzer FC,31,1.0,3,0.0,Paderborn,Bundesliga_3,36.0,24.3,8.0,0.258,9.3,0
2017,Quarter-finals,3,57405,2018-02-06 17:30:00+00:00,SC Paderborn 07,185,Bayern Munich,157,0,1,90,Benteler-Arena (Paderborn),1.0,1.0,1.0,3.0,54.0,18.0,37.0,1.0,-53.0,-17.0,0,4,2018-02-09 18:00:00+00:00,Rot-weiss Erfurt,3,0.0,0,0.0,Paderborn,Bundesliga_3,36.0,24.3,8.0,0.258,9.3,0
2018,3rd Round,4,57513,2019-02-05 19:45:00+00:00,SC Paderborn 07,185,MSV Duisburg,187,1,0,90,Schauinsland-Reisen-Arena,22.0,4.0,2.0,3.0,37.0,1.0,20.0,2.0,-15.0,-17.0,1,4,2019-02-09 12:00:00+00:00,Vfl Bochum,3,1.0,3,141.0,Paderborn,Bundesliga_2,35.0,24.5,13.0,0.736,25.75,0
2018,Quarter-finals,3,107271,2019-04-02 16:30:00+00:00,SC Paderborn 07,185,Hamburger SV,175,0,1,90,Benteler-Arena,17.0,17.0,1.0,3.0,37.0,1.0,20.0,2.0,-20.0,-17.0,0,4,2019-04-06 11:00:00+00:00,SV Sandhausen,3,,1,0.0,Paderborn,Bundesliga_2,35.0,24.5,13.0,0.736,25.75,0
2020,Round of 16,4,655483,2021-02-02 19:45:00+00:00,SC Paderborn 07,185,Borussia Dortmund,165,0,0,120,Signal-Iduna-Park,2.0,2.0,1.0,1.0,18.0,18.0,27.0,9.0,-16.0,9.0,0,4,2021-02-12 17:30:00+00:00,Hannover 96,9,,1,99.0,Paderborn,Bundesliga_2,35.0,25.3,10.0,0.648,22.68,1
2022,Round of 16,4,968255,2023-01-31 17:00:00+00:00,SC Paderborn 07,185,VfB Stuttgart,172,0,1,90,Home Deluxe Arena,15.0,15.0,1.0,2.0,25.0,7.0,24.0,6.0,-10.0,-1.0,0,4,2023-02-03 17:30:00+00:00,Fortuna Dusseldorf,3,1.0,3,0.0,Paderborn,Bundesliga_2,34.0,25.0,9.0,0.761,25.88,0
2023,Round of 16,4,1141479,2023-12-06 17:00:00+00:00,SC Paderborn 07,185,Bayer Leverkusen,168,0,0,90,BayArena,6.0,6.0,1.0,2.0,24.0,6.0,25.0,7.0,-18.0,1.0,0,4,2023-12-09 12:00:00+00:00,Hamburger SV,2,1.0,3,145.0,Paderborn,,,,,,,0
2021,Round of 16,4,810119,2022-01-18 19:45:00+00:00,FC St. Pauli,186,Borussia Dortmund,165,1,1,90,Millerntor-Stadion,3.0,3.0,1.0,2.0,28.0,10.0,23.0,5.0,-25.0,-5.0,0,4,2022-01-21 17:30:00+00:00,Hamburger SV,2,0.0,0,0.0,Hamburg,Bundesliga_2,32.0,25.4,14.0,0.802,25.68,0
2021,Quarter-finals,3,832027,2022-03-01 19:45:00+00:00,FC St. Pauli,186,Union Berlin,182,0,0,90,Stadion An der Alten Försterei,7.0,7.0,1.0,2.0,28.0,10.0,23.0,5.0,-21.0,-5.0,0,4,2022-03-05 12:30:00+00:00,Karlsruher SC,3,1.0,3,271.0,Hamburg,Bundesliga_2,32.0,25.4,14.0,0.802,25.68,0
2023,Round of 16,4,1141478,2023-12-05 19:45:00+00:00,FC St. Pauli,186,FC 08 Homburg,1634,1,0,90,Waldstadion Homburg,21.0,0.0,4.0,2.0,23.0,5.0,19.0,1.0,-2.0,-4.0,1,4,2023-12-09 19:30:00+00:00,VfL Osnabruck,3,,1,,Hamburg,,,,,,,0
2023,Quarter-finals,3,1147024,2024-01-30 19:45:00+00:00,FC St. Pauli,186,Fortuna Dusseldorf,158,0,1,120,Millerntor-Stadion,22.0,4.0,2.0,2.0,23.0,5.0,19.0,1.0,-1.0,-4.0,1,4,2024-02-03 12:00:00+00:00,SpVgg Greuther Furth,3,1.0,3,0.0,Hamburg,,,,,,,1
2018,3rd Round,4,57513,2019-02-05 19:45:00+00:00,MSV Duisburg,187,SC Paderborn 07,185,0,1,90,Schauinsland-Reisen-Arena,37.0,1.0,3.0,2.0,22.0,4.0,36.0,18.0,15.0,14.0,1,4,2019-02-09 12:00:00+00:00,SpVgg Greuther Furth,3,0.0,0,0.0,Duisburg,Bundesliga_2,31.0,25.5,11.0,0.386,11.98,0
2014,8th Finals,4,559814,2015-03-04 18:00:00+00:00,Arminia Bielefeld,188,Werder Bremen,162,1,1,90,SchücoArena,12.0,12.0,1.0,2.0,34.0,16.0,37.0,1.0,-22.0,3.0,0,4,2015-03-07 13:00:00+00:00,Borussia Dortmund II,2,,1,0.0,Bielefeld,Bundesliga_3,37.0,25.3,5.0,0.208,7.7,0
2014,Quarter-finals,3,559819,2015-04-08 17:00:00+00:00,Arminia Bielefeld,188,Borussia Monchengladbach,163,1,1,120,SchücoArena,6.0,6.0,1.0,2.0,34.0,16.0,37.0,1.0,-28.0,3.0,0,4,2015-04-11 12:00:00+00:00,Dynamo Dresden,2,0.0,0,0.0,Bielefeld,Bundesliga_3,37.0,25.3,5.0,0.208,7.7,1
2014,Semi-finals,2,559822,2015-04-29 18:30:00+00:00,Arminia Bielefeld,188,VfL Wolfsburg,161,0,1,90,SchücoArena,5.0,5.0,1.0,2.0,34.0,16.0,37.0,1.0,-29.0,3.0,0,4,2015-05-02 12:00:00+00:00,Holstein Kiel,2,,1,0.0,Bielefeld,Bundesliga_3,37.0,25.3,5.0,0.208,7.7,0
2016,3rd Round,4,57362,2017-02-07 17:30:00+00:00,Arminia Bielefeld,188,FC Astoria Walldorf,1626,1,0,120,Dietmar-Hopp-Sportpark,21.0,0.0,4.0,2.0,30.0,12.0,33.0,15.0,-9.0,3.0,0,4,2017-02-12 12:30:00+00:00,Union Berlin,4,0.0,0,303.0,Bielefeld,Bundesliga_2,32.0,25.9,6.0,0.454,14.53,1
2016,Quarter-finals,3,57355,2017-02-28 17:30:00+00:00,Arminia Bielefeld,188,Eintracht Frankfurt,169,0,0,90,Commerzbank-Arena,16.0,16.0,1.0,2.0,30.0,12.0,33.0,15.0,-14.0,3.0,0,4,2017-03-05 12:30:00+00:00,Erzgebirge AUE,4,,1,216.0,Bielefeld,Bundesliga_2,32.0,25.9,6.0,0.454,14.53,0
2013,8th Finals,4,559878,2013-12-04 19:30:00+00:00,SV Sandhausen,189,Eintracht Frankfurt,169,0,0,90,Commerzbank-Arena,6.0,6.0,1.0,2.0,35.0,17.0,30.0,12.0,-29.0,-5.0,0,4,2013-12-08 12:30:00+00:00,SpVgg Greuther Furth,3,0.0,0,84.0,Sandhausen,Bundesliga_2,30.0,25.9,7.0,0.376,11.28,0
2016,3rd Round,4,57359,2017-02-08 17:30:00+00:00,SV Sandhausen,189,FC Schalke 04,174,0,1,90,Hardtwaldstadion,5.0,5.0,1.0,2.0,31.0,13.0,28.0,10.0,-26.0,-3.0,0,4,2017-02-12 12:30:00+00:00,VfB Stuttgart,3,0.0,0,0.0,Sandhausen,Bundesliga_2,29.0,26.0,8.0,0.415,12.03,0
2022,Round of 16,4,968254,2023-02-07 17:00:00+00:00,SV Sandhausen,189,SC Freiburg,160,0,1,90,BWT-Stadion am Hardtwald,6.0,6.0,1.0,2.0,32.0,14.0,36.0,18.0,-26.0,4.0,0,4,2023-02-12 12:30:00+00:00,Fortuna Dusseldorf,4,0.0,0,0.0,Sandhausen,Bundesliga_2,33.0,27.0,12.0,0.467,15.43,0
2015,3rd Round,4,559755,2015-12-15 19:30:00+00:00,Erzgebirge AUE,190,FC Heidenheim,180,0,1,90,Sparkassen-Erzgebirgsstadion,26.0,8.0,2.0,2.0,35.0,17.0,38.0,2.0,-9.0,3.0,0,4,2015-12-19 13:00:00+00:00,SG Sonnenhof Grossaspach,3,1.0,3,0.0,Aue,Bundesliga_3,30.0,23.8,6.0,0.211,6.33,0
2018,3rd Round,4,57514,2019-02-06 17:30:00+00:00,Holstein Kiel,191,FC Augsburg,170,0,1,90,Holstein-Stadion,12.0,12.0,1.0,2.0,21.0,3.0,24.0,6.0,-9.0,3.0,0,4,2019-02-10 12:30:00+00:00,FC Magdeburg,3,,1,0.0,Kiel,Bundesliga_2,31.0,24.0,8.0,0.804,24.93,0
2020,Round of 16,4,663695,2021-02-02 17:30:00+00:00,Holstein Kiel,191,SV Darmstadt 98,181,1,1,120,Holstein-Stadion,23.0,5.0,2.0,2.0,29.0,11.0,21.0,3.0,-6.0,-8.0,1,4,2021-02-08 19:30:00+00:00,Fortuna Dusseldorf,6,1.0,3,0.0,Kiel,Bundesliga_2,28.0,25.9,5.0,0.763,21.35,1
2020,Quarter-finals,3,675015,2021-03-03 17:30:00+00:00,Holstein Kiel,191,Rot-weiss Essen,1621,1,0,90,Stadion Essen,21.0,0.0,4.0,2.0,29.0,11.0,21.0,3.0,-8.0,-8.0,0,4,2021-03-08 19:30:00+00:00,Hamburger SV,5,,1,382.0,Kiel,Bundesliga_2,28.0,25.9,5.0,0.763,21.35,0
2020,Semi-finals,2,682740,2021-05-01 18:30:00+00:00,Holstein Kiel,191,Borussia Dortmund,165,0,0,90,Signal-Iduna-Park,2.0,2.0,1.0,2.0,29.0,11.0,21.0,3.0,-27.0,-8.0,0,4,2021-05-04 16:30:00+00:00,SV Sandhausen,2,1.0,3,369.0,Kiel,Bundesliga_2,28.0,25.9,5.0,0.763,21.35,0
2012,8th Finals,4,559942,2012-12-19 19:30:00+00:00,1.FC Köln,192,VfB Stuttgart,172,0,0,90,Mercedes-Benz-Arena,6.0,6.0,1.0,1.0,17.0,17.0,23.0,5.0,-11.0,6.0,0,4,2013-02-02 12:00:00+00:00,Erzgebirge AUE,44,1.0,3,287.0,Cologne,Bundesliga_2,31.0,24.0,14.0,0.785,24.35,0
2013,8th Finals,4,559873,2013-12-03 18:00:00+00:00,1.FC Köln,192,Hamburger SV,175,0,0,90,Imtech Arena,7.0,7.0,1.0,2.0,23.0,5.0,19.0,1.0,-16.0,-4.0,0,4,2013-12-07 12:00:00+00:00,FSV Frankfurt,3,1.0,3,372.0,Cologne,Bundesliga_2,29.0,24.4,14.0,1.04,30.25,0
2014,8th Finals,4,559811,2015-03-03 19:30:00+00:00,1.FC Köln,192,SC Freiburg,160,0,0,90,Schwarzwald-Stadion,14.0,14.0,1.0,2.0,19.0,1.0,12.0,12.0,-5.0,-7.0,1,4,2015-03-08 14:30:00+00:00,Eintracht Frankfurt,4,1.0,3,332.0,Cologne,Bundesliga,27.0,25.4,14.0,1.88,50.75,0
2016,3rd Round,4,57363,2017-02-07 17:30:00+00:00,1.FC Köln,192,Hamburger SV,175,0,0,90,Volksparkstadion,10.0,10.0,1.0,1.0,9.0,9.0,5.0,5.0,1.0,-4.0,1,4,2017-02-12 16:30:00+00:00,SC Freiburg,4,0.0,0,372.0,Cologne,Bundesliga,30.0,25.4,14.0,3.87,116.15,0
2017,3rd Round,4,57411,2017-12-19 19:45:00+00:00,1.FC Köln,192,FC Schalke 04,174,0,0,90,VELTINS-Arena (Gelsenkirchen),10.0,10.0,1.0,1.0,5.0,5.0,18.0,18.0,5.0,13.0,0,4,2018-01-14 14:30:00+00:00,Borussia Monchengladbach,25,1.0,3,68.0,Cologne,Bundesliga,38.0,24.5,19.0,2.41,91.73,0
2020,Round of 16,4,655485,2021-02-03 19:45:00+00:00,1.FC Köln,192,Jahn Regensburg,177,0,0,120,Jahnstadion Regensburg,30.0,12.0,2.0,1.0,14.0,14.0,16.0,16.0,16.0,2.0,1,4,2021-02-06 17:30:00+00:00,Borussia Monchengladbach,2,1.0,3,430.0,Cologne,Bundesliga,36.0,24.9,18.0,3.28,118.2,1
2021,Round of 16,4,810123,2022-01-18 17:30:00+00:00,1.FC Köln,192,Hamburger SV,175,0,1,120,RheinEnergieStadion,22.0,4.0,2.0,1.0,16.0,16.0,7.0,7.0,6.0,-9.0,1,4,2022-01-22 17:30:00+00:00,Vfl Bochum,4,,1,0.0,Cologne,Bundesliga,31.0,25.4,13.0,3.2,99.28,1
2014,8th Finals,4,559816,2015-03-04 19:30:00+00:00,Eintracht Braunschweig,744,Bayern Munich,157,0,0,90,Allianz-Arena,1.0,1.0,1.0,1.0,18.0,18.0,24.0,6.0,-17.0,6.0,0,4,2015-03-07 12:00:00+00:00,FC St. Pauli,2,0.0,0,463.0,Braunschweig,Bundesliga_2,32.0,25.5,14.0,0.626,20.03,0
2015,3rd Round,4,559758,2015-12-16 18:00:00+00:00,Eintracht Braunschweig,744,VfB Stuttgart,172,0,0,120,Mercedes-Benz-Arena,14.0,14.0,1.0,2.0,24.0,6.0,26.0,8.0,-10.0,2.0,0,4,2015-12-20 12:30:00+00:00,FC Kaiserslautern,3,,1,399.0,Braunschweig,Bundesliga_2,30.0,25.4,16.0,0.639,19.18,1
2013,8th Finals,4,559872,2013-12-03 18:00:00+00:00,FC Kaiserslautern,745,Union Berlin,182,1,0,90,Stadion An der Alten Försterei,25.0,7.0,2.0,2.0,21.0,3.0,22.0,4.0,4.0,1.0,1,4,2013-12-09 19:15:00+00:00,Fortuna Dusseldorf,6,0.0,0,527.0,Kaiserslautern,Bundesliga_2,32.0,25.2,16.0,0.797,25.5,0
2013,Quarter-finals,3,559882,2014-02-12 18:00:00+00:00,FC Kaiserslautern,745,Bayer Leverkusen,168,1,0,120,BayArena,3.0,3.0,1.0,2.0,21.0,3.0,22.0,4.0,-18.0,1.0,0,4,2014-02-17 19:15:00+00:00,Erzgebirge AUE,5,0.0,0,184.0,Kaiserslautern,Bundesliga_2,32.0,25.2,16.0,0.797,25.5,1
2013,Semi-finals,2,559885,2014-04-16 18:30:00+00:00,FC Kaiserslautern,745,Bayern Munich,157,0,0,90,Allianz-Arena,1.0,1.0,1.0,2.0,21.0,3.0,22.0,4.0,-20.0,1.0,0,4,2014-04-20 11:30:00+00:00,FSV Frankfurt,3,1.0,3,310.0,Kaiserslautern,Bundesliga_2,32.0,25.2,16.0,0.797,25.5,0
2014,8th Finals,4,559809,2015-03-03 18:00:00+00:00,FC Kaiserslautern,745,Bayer Leverkusen,168,0,0,120,BayArena,4.0,4.0,1.0,2.0,22.0,4.0,22.0,4.0,-18.0,0.0,0,4,2015-03-08 12:30:00+00:00,Union Berlin,4,,1,184.0,Kaiserslautern,Bundesliga_2,30.0,23.8,11.0,0.835,25.05,1
2019,3rd Round,4,250170,2020-02-04 17:30:00+00:00,FC Kaiserslautern,745,Fortuna Dusseldorf,158,0,1,90,Fritz-Walter-Stadion,10.0,10.0,1.0,3.0,45.0,9.0,46.0,10.0,-35.0,1.0,0,4,2020-02-08 13:00:00+00:00,Preussen Munster,3,,1,0.0,Kaiserslautern,Bundesliga_3,42.0,24.1,8.0,0.223,9.38,0
2023,Round of 16,4,1141480,2023-12-05 17:00:00+00:00,FC Kaiserslautern,745,FC Nurnberg,171,1,1,90,Fritz-Walter-Stadion,32.0,14.0,2.0,2.0,27.0,9.0,31.0,13.0,5.0,4.0,1,4,2023-12-09 12:00:00+00:00,Hertha Berlin,3,0.0,0,0.0,Kaiserslautern,,,,,,,0
2023,Quarter-finals,3,1147022,2024-01-31 19:45:00+00:00,FC Kaiserslautern,745,Hertha Berlin,159,1,0,90,Olympiastadion Berlin,18.0,18.0,1.0,2.0,27.0,9.0,31.0,13.0,-9.0,4.0,0,4,2024-02-04 12:30:00+00:00,SV Elversberg,3,0.0,0,514.0,Kaiserslautern,,,,,,,0
2023,Semi-finals,2,1184565,2024-04-02 18:45:00+00:00,FC Kaiserslautern,745,FC Saarbrücken,1639,1,0,90,Stadion Ludwigspark,41.0,5.0,3.0,2.0,27.0,9.0,31.0,13.0,14.0,4.0,1,4,2024-04-06 11:00:00+00:00,Hamburger SV,3,0.0,0,,Kaiserslautern,,,,,,,0
2012,8th Finals,4,559935,2012-12-18 18:00:00+00:00,Karlsruher SC,785,SC Freiburg,160,0,1,90,Wildparkstadion,12.0,12.0,1.0,2.0,34.0,16.0,37.0,1.0,-22.0,3.0,0,4,2013-01-26 13:00:00+00:00,VfL Osnabruck,38,1.0,3,0.0,Karlsruhe,Bundesliga_3,32.0,24.3,9.0,0.352,11.25,0
2019,3rd Round,4,250168,2020-02-05 19:45:00+00:00,Karlsruher SC,785,FC Saarbrucken,1639,0,0,120,Hermann-Neuberger-Stadion,21.0,0.0,4.0,3.0,38.0,2.0,33.0,15.0,-17.0,-5.0,0,4,2020-02-08 12:00:00+00:00,Hamburger SV,2,0.0,0,106.0,Karlsruhe,Bundesliga_2,33.0,25.8,10.0,0.299,9.88,1
2021,Round of 16,4,810120,2022-01-18 17:30:00+00:00,Karlsruher SC,785,TSV 1860 Munich,786,1,0,90,Städtisches Stadion an der Grünwalder Straße,40.0,4.0,3.0,2.0,24.0,6.0,30.0,12.0,16.0,6.0,1,4,2022-02-05 12:30:00+00:00,Werder Bremen,17,0.0,0,254.0,Karlsruhe,Bundesliga_2,35.0,25.3,8.0,0.503,17.6,0
2021,Quarter-finals,3,832028,2022-03-02 17:30:00+00:00,Karlsruher SC,785,Hamburger SV,175,0,0,120,Volksparkstadion,22.0,4.0,2.0,2.0,24.0,6.0,30.0,12.0,-2.0,6.0,0,4,2022-03-05 12:30:00+00:00,FC St. Pauli,2,0.0,0,527.0,Karlsruhe,Bundesliga_2,35.0,25.3,8.0,0.503,17.6,1
2012,8th Finals,4,559940,2012-12-19 18:00:00+00:00,TSV 1860 Munich,786,Vfl Bochum,176,0,0,90,rewirpowerSTADION,29.0,11.0,2.0,2.0,24.0,6.0,24.0,6.0,5.0,0.0,1,4,2013-02-04 19:15:00+00:00,FC Kaiserslautern,47,0.0,0,489.0,Munich,Bundesliga_2,33.0,25.5,11.0,0.525,17.33,0
2015,3rd Round,4,559760,2015-12-16 19:30:00+00:00,TSV 1860 Munich,786,Vfl Bochum,176,0,1,90,Allianz-Arena,29.0,11.0,2.0,2.0,34.0,16.0,33.0,15.0,-5.0,-1.0,0,4,2015-12-20 12:30:00+00:00,SC Freiburg,3,0.0,0,0.0,Munich,Bundesliga_2,36.0,25.1,16.0,0.476,17.13,0
2016,3rd Round,4,57358,2017-02-08 17:30:00+00:00,TSV 1860 Munich,786,Sportfreunde Lotte,1323,0,0,90,Frimo Stadion,21.0,0.0,4.0,2.0,33.0,15.0,34.0,16.0,-12.0,1.0,0,4,2017-02-11 12:00:00+00:00,Karlsruher SC,2,1.0,3,532.0,Munich,Bundesliga_2,39.0,25.3,22.0,0.413,16.1,0
2021,Round of 16,4,810120,2022-01-18 17:30:00+00:00,TSV 1860 Munich,786,Karlsruher SC,785,0,1,90,Städtisches Stadion an der Grünwalder Straße,24.0,6.0,2.0,3.0,40.0,4.0,40.0,4.0,-16.0,0.0,0,4,2022-01-30 12:00:00+00:00,FC Viktoria Koln,11,1.0,3,0.0,Munich,Bundesliga_3,34.0,24.0,6.0,0.185,6.28,0
2015,3rd Round,4,559753,2015-12-15 18:00:00+00:00,SpVgg Unterhaching,1314,Bayer Leverkusen,168,0,1,90,Alpenbauer Sportpark,4.0,4.0,1.0,3.0,55.0,19.0,21.0,0.0,-51.0,-34.0,0,4,2017-07-22 12:00:00+00:00,Werder Bremen II,584,0.0,0,0.0,Unterhaching,,,,,,,0
2021,Round of 16,4,810124,2022-01-19 17:30:00+00:00,Hansa Rostock,1321,RB Leipzig,173,0,0,90,Red Bull Arena,2.0,2.0,1.0,3.0,38.0,2.0,31.0,13.0,-36.0,-7.0,0,4,2022-01-22 12:30:00+00:00,FC Heidenheim,2,,1,308.0,Rostock,Bundesliga_2,35.0,26.3,8.0,0.386,13.5,0
2016,3rd Round,4,57358,2017-02-08 17:30:00+00:00,Sportfreunde Lotte,1323,TSV 1860 Munich,786,1,1,90,Frimo Stadion,33.0,15.0,2.0,4.0,21.0,0.0,48.0,12.0,12.0,27.0,0,4,2017-02-18 13:00:00+00:00,Rot-weiss Erfurt,9,1.0,3,0.0,Lotte,Bundesliga_3,26.0,25.8,3.0,0.179,4.65,0
2016,Quarter-finals,3,57352,2017-03-14 17:30:00+00:00,Sportfreunde Lotte,1323,Borussia Dortmund,165,0,1,90,Stadion an der Bremer Brücke,2.0,2.0,1.0,4.0,21.0,0.0,48.0,12.0,-19.0,27.0,0,4,2017-03-19 13:00:00+00:00,Hallescher FC,4,,1,0.0,Lotte,Bundesliga_3,26.0,25.8,3.0,0.179,4.65,0
2014,8th Finals,4,559810,2015-03-03 18:00:00+00:00,VfR Aalen,1327,1899 Hoffenheim,167,0,1,90,Scholz Arena,9.0,9.0,1.0,2.0,29.0,11.0,36.0,18.0,-20.0,7.0,0,4,2015-03-07 12:00:00+00:00,SpVgg Greuther Furth,3,,1,0.0,Aalen,Bundesliga_2,33.0,25.6,8.0,0.385,12.7,0
2020,Round of 16,4,663694,2021-02-02 17:30:00+00:00,Rot-weiss Essen,1621,Bayer Leverkusen,168,1,1,120,Stadion Essen,5.0,5.0,1.0,4.0,21.0,0.0,21.0,0.0,-16.0,0.0,0,4,2022-07-23 12:00:00+00:00,SV Elversberg,535,0.0,0,0.0,Essen,,,,,,,1
2020,Quarter-finals,3,675015,2021-03-03 17:30:00+00:00,Rot-weiss Essen,1621,Holstein Kiel,191,0,1,90,Stadion Essen,29.0,11.0,2.0,4.0,21.0,0.0,21.0,0.0,8.0,0.0,1,4,2022-07-23 12:00:00+00:00,SV Elversberg,506,0.0,0,0.0,Essen,,,,,,,0
2012,8th Finals,4,559937,2012-12-18 19:30:00+00:00,Kickers Offenbach,1628,Fortuna Dusseldorf,158,1,1,90,Sparda-Bank-Hessen-Stadion,21.0,3.0,2.0,3.0,44.0,8.0,51.0,15.0,-23.0,7.0,0,4,2013-01-25 18:00:00+00:00,Arminia Bielefeld,37,0.0,0,0.0,Offenbach am Main,Bundesliga_3,29.0,24.8,3.0,0.223,6.48,0
2012,Quarter-finals,3,559944,2013-02-26 19:30:00+00:00,Kickers Offenbach,1628,VfL Wolfsburg,161,0,1,90,Sparda-Bank-Hessen-Stadion,8.0,8.0,1.0,3.0,44.0,8.0,51.0,15.0,-36.0,7.0,0,4,2013-03-02 13:00:00+00:00,Karlsruher SC,3,0.0,0,0.0,Offenbach am Main,Bundesliga_3,29.0,24.8,3.0,0.223,6.48,0
2013,8th Finals,4,559875,2013-12-03 19:30:00+00:00,FC Saarbrucken,1639,Borussia Dortmund,165,0,1,90,Stadion Ludwigspark,2.0,2.0,1.0,3.0,47.0,11.0,56.0,20.0,-45.0,9.0,0,4,2013-12-07 13:00:00+00:00,Rot-weiss Erfurt,3,1.0,3,0.0,Saarbrücken,Bundesliga_3,41.0,25.1,5.0,0.168,6.88,0
2019,3rd Round,4,250168,2020-02-05 19:45:00+00:00,FC Saarbrucken,1639,Karlsruher SC,785,1,1,120,Hermann-Neuberger-Stadion,38.0,2.0,3.0,4.0,21.0,0.0,21.0,0.0,17.0,0.0,1,4,2020-09-19 12:00:00+00:00,VfB Lubeck,226,,1,0.0,Saarbrücken,,,,,,,1
2019,Quarter-finals,3,324067,2020-03-03 17:30:00+00:00,FC Saarbrucken,1639,Fortuna Dusseldorf,158,1,1,120,Hermann-Neuberger-Stadion,10.0,10.0,1.0,4.0,21.0,0.0,21.0,0.0,-11.0,0.0,0,4,2020-09-19 12:00:00+00:00,VfB Lubeck,199,,1,0.0,Saarbrücken,,,,,,,1
2019,Semi-finals,2,354883,2020-06-09 18:45:00+00:00,FC Saarbrucken,1639,Bayer Leverkusen,168,0,1,90,Hermann-Neuberger-Stadion,4.0,4.0,1.0,4.0,21.0,0.0,21.0,0.0,-17.0,0.0,0,4,2020-09-19 12:00:00+00:00,VfB Lubeck,101,,1,0.0,Saarbrücken,,,,,,,0
2023,Round of 16,4,1141475,2023-12-06 17:00:00+00:00,FC Saarbrücken,1639,Eintracht Frankfurt,169,1,1,90,Stadion Ludwigspark,7.0,7.0,1.0,3.0,41.0,5.0,41.0,5.0,-34.0,0.0,0,4,2023-12-09 13:00:00+00:00,Freiburg II,2,1.0,3,0.0,,,,,,,,0
2023,Quarter-finals,3,1147021,2024-03-12 19:30:00+00:00,FC Saarbrücken,1639,Borussia Monchengladbach,163,1,1,90,Stadion Ludwigspark,10.0,10.0,1.0,3.0,41.0,5.0,41.0,5.0,-31.0,0.0,0,4,2024-03-16 13:00:00+00:00,MSV Duisburg,3,0.0,0,0.0,,,,,,,,0
2023,Semi-finals,2,1184565,2024-04-02 18:45:00+00:00,FC Saarbrücken,1639,FC Kaiserslautern,745,0,1,90,Stadion Ludwigspark,27.0,9.0,2.0,3.0,41.0,5.0,41.0,5.0,-14.0,0.0,0,4,2024-04-07 11:30:00+00:00,Dynamo Dresden,4,1.0,3,0.0,,,,,,,,0
2019,3rd Round,4,250171,2020-02-05 17:30:00+00:00,Verl,4265,Union Berlin,182,0,1,90,SPORTCLUB Arena,21.0,3.0,2.0,4.0,21.0,0.0,21.0,0.0,0.0,0.0,0,4,2020-09-19 12:00:00+00:00,SV Wehen,226,,1,0.0,Verl,,,,,,,0
